{
  "api/index.html": {
    "href": "api/index.html",
    "title": "| Blackmagic Video | 2.0.1",
    "keywords": "This is the documentation for the Scripting APIs of this package."
  },
  "api/Unity.Media.Blackmagic.AudioOutputMode.html": {
    "href": "api/Unity.Media.Blackmagic.AudioOutputMode.html",
    "title": "Enum AudioOutputMode | Blackmagic Video | 2.0.1",
    "keywords": "Enum AudioOutputMode Namespace : Unity.Media.Blackmagic Assembly : solution.dll Syntax public enum AudioOutputMode Fields Name Description Disabled Audio is not used. AudioListener Audio comes from a selected AudioListener in the scene. SameAsInput Audio comes from an input device. MainOutput Audio comes from the (singleton) AudioRenderer."
  },
  "api/Unity.Media.Blackmagic.BMDAudioSampleType.html": {
    "href": "api/Unity.Media.Blackmagic.BMDAudioSampleType.html",
    "title": "Enum BMDAudioSampleType | Blackmagic Video | 2.0.1",
    "keywords": "Enum BMDAudioSampleType An enum defining the supported audio sample types. Namespace : Unity.Media.Blackmagic Assembly : solution.dll Syntax public enum BMDAudioSampleType Fields Name Description Int16 A 16-bit integer sample. Int32 A 32-bit integer sample. Extension Methods BMDAudioSampleTypeExtensions.GetBytesPerSample()"
  },
  "api/Unity.Media.Blackmagic.BMDAudioSampleTypeExtensions.html": {
    "href": "api/Unity.Media.Blackmagic.BMDAudioSampleTypeExtensions.html",
    "title": "Class BMDAudioSampleTypeExtensions | Blackmagic Video | 2.0.1",
    "keywords": "Class BMDAudioSampleTypeExtensions A class that contains extension methods for BMDAudioSampleType . Inheritance Object BMDAudioSampleTypeExtensions Namespace : Unity.Media.Blackmagic Assembly : solution.dll Syntax public static class BMDAudioSampleTypeExtensions Methods GetBytesPerSample(BMDAudioSampleType) Gets the number of bytes per sample for the audio sample type. Declaration public static int GetBytesPerSample(this BMDAudioSampleType type) Parameters Type Name Description BMDAudioSampleType type The type of the audio samples. Returns Type Description Int32 The number of bytes per sample. Exceptions Type Condition ArgumentOutOfRangeException Thrown if type is invalid."
  },
  "api/Unity.Media.Blackmagic.BMDColorSpace.html": {
    "href": "api/Unity.Media.Blackmagic.BMDColorSpace.html",
    "title": "Enum BMDColorSpace | Blackmagic Video | 2.0.1",
    "keywords": "Enum BMDColorSpace Enum values for BMD supported input/output color spaces Namespace : Unity.Media.Blackmagic Assembly : solution.dll Syntax public enum BMDColorSpace Fields Name Description UseDeviceSignal Uses the default color space coming from the video. BT601 This display mode uses the ITU-R Recommendation BT.601 standard for encoding or decoding the video signal. BT709 This display mode uses the ITU-R Recommendation BT.709 standard for encoding or decoding the video signal. BT2020 This display mode uses the ITU-R Recommendation BT.2020/2100 standard for encoding or decoding the video signal."
  },
  "api/Unity.Media.Blackmagic.BMDFieldDominance.html": {
    "href": "api/Unity.Media.Blackmagic.BMDFieldDominance.html",
    "title": "Enum BMDFieldDominance | Blackmagic Video | 2.0.1",
    "keywords": "Enum BMDFieldDominance An enum defining the field dominance modes for a frame. Namespace : Unity.Media.Blackmagic Assembly : solution.dll Syntax public enum BMDFieldDominance Fields Name Description Unknown The field dominance is unkown. LowerFieldFirst The frame uses the lower scan lines of the image first, followed by the upper scan lines. ProgressiveFrame The frame uses all scan lines at once. ProgressiveSegmentedFrame The frame is a progressive frame represented using an upper and lower field. UpperFieldFirst The frame uses the upper scan lines of the image first, followed by the lower scan lines."
  },
  "api/Unity.Media.Blackmagic.BMDPixelFormat.html": {
    "href": "api/Unity.Media.Blackmagic.BMDPixelFormat.html",
    "title": "Enum BMDPixelFormat | Blackmagic Video | 2.0.1",
    "keywords": "Enum BMDPixelFormat Enum values of the currently supported pixel formats. Namespace : Unity.Media.Blackmagic Assembly : solution.dll Syntax public enum BMDPixelFormat Fields Name Description UseBestQuality Chooses the best quality Pixel Format that is compatible with the current card. ARGB8Bit Four 8-bit unsigned components packed into one 32-bit little-endian word. Alpha channel is valid. YUV8Bit Four 8-bit unsigned components (CCIR 601) packed into one 32-bit little-endian word. BGRA8Bit Four 8-bit unsigned components packed into one 32-bit little-endian word. The alpha channel may be valid. RGBX10Bit Three 10-bit unsigned components packed into one 32-bit big-endian word. RGBXLE10Bit Three 10-bit unsigned components packed into one 32-bit little-endian word. RGB12Bit Big-endian RGB 12-bit per component with full range (0-4095). Packed as 12-bit per component. RGBLE12Bit Little-endian RGB 12-bit per component with full range (0-4095). Packed as 12-bit per component. NO_PACKING This conversion is offered for quality control purposes. Invokes only the color conversion operations, excluding any packing operations. CLIP_ONLY This conversion is offered for quality control purposes. Invokes only a full range / studio range conversion. LINGAMMA_ONLY This conversion is offered for quality control purposes. Invokes only the linear gamma unity conversion. PASSTHROUGH This conversion is offered for quality control purposes. Invokes only a direct copy, avoiding conversions but enacting bit-depth changes if the texture's bit-depth varies. RGB10Bit Three 10-bit unsigned components packed into one 32-bit big-endian word. YUV10Bit Twelve 10-bit unsigned components packed into four 32-bit little-endian words. Extension Methods BMDPixelFormatExtensions.GetByteWidth(Int32) BMDPixelFormatExtensions.GetByteHeight(Int32) BMDPixelFormatExtensions.GetByteDepth()"
  },
  "api/Unity.Media.Blackmagic.BMDPixelFormatExtensions.html": {
    "href": "api/Unity.Media.Blackmagic.BMDPixelFormatExtensions.html",
    "title": "Class BMDPixelFormatExtensions | Blackmagic Video | 2.0.1",
    "keywords": "Class BMDPixelFormatExtensions A class that contains extension methods for BMDPixelFormat . Inheritance Object BMDPixelFormatExtensions Namespace : Unity.Media.Blackmagic Assembly : solution.dll Syntax public static class BMDPixelFormatExtensions Methods GetByteDepth(BMDPixelFormat) Gets the depth of the video texture in bytes. Declaration public static int GetByteDepth(this BMDPixelFormat pixelFormat) Parameters Type Name Description BMDPixelFormat pixelFormat The pixel format of the video texture. Returns Type Description Int32 Gets the depth of the video texture in bytes. GetByteHeight(BMDPixelFormat, Int32) Gets the height of the video texture in bytes. Declaration public static int GetByteHeight(this BMDPixelFormat pixelFormat, int height) Parameters Type Name Description BMDPixelFormat pixelFormat The pixel format of the video texture. Int32 height The height of the video texture in pixels. Returns Type Description Int32 Gets the height of the video texture in bytes. GetByteWidth(BMDPixelFormat, Int32) The width of the video texture in bytes. Declaration public static int GetByteWidth(this BMDPixelFormat pixelFormat, int width) Parameters Type Name Description BMDPixelFormat pixelFormat The pixel format of the video texture. Int32 width The width of the video texture in pixels. Returns Type Description Int32 The width of the video texture in bytes."
  },
  "api/Unity.Media.Blackmagic.BMDTransferFunction.html": {
    "href": "api/Unity.Media.Blackmagic.BMDTransferFunction.html",
    "title": "Enum BMDTransferFunction | Blackmagic Video | 2.0.1",
    "keywords": "Enum BMDTransferFunction The possible dynamic range standards for ITU-R Recommendation BT.2020/2100 video signals. Namespace : Unity.Media.Blackmagic Assembly : solution.dll Syntax public enum BMDTransferFunction Fields Name Description UseDeviceSignal Uses the default transfer function coming from the video. HDR The default High Dynamic Range. PQ The High Dynamic Range Perceptual Quantizer transfer function (SMPTE ST 2084). HLG The High Dynamic Range Hybrid Log Gamma transfer function (ITU-R BT.2100-0)."
  },
  "api/Unity.Media.Blackmagic.DeckLinkConnectorMapping.html": {
    "href": "api/Unity.Media.Blackmagic.DeckLinkConnectorMapping.html",
    "title": "Enum DeckLinkConnectorMapping | Blackmagic Video | 2.0.1",
    "keywords": "Enum DeckLinkConnectorMapping Contains the connector mappings currently supported in the package. Namespace : Unity.Media.Blackmagic Assembly : solution.dll Syntax public enum DeckLinkConnectorMapping Fields Name Description FourSubDevicesHalfDuplex Supports 4 independent sub-devices, that can be either Input or Output. OneSubDeviceFullDuplex Supports 1 sub-device for the input and 1 sub-device for the Output. OneSubDeviceHalfDuplex Supports 1 sub-device, that can be either Input or Output. TwoSubDevicesFullDuplex Supports 2 sub-devices for the input and 2 sub-devices for the Output. TwoSubDevicesHalfDuplex Supports 2 sub-device, that can be either Input or Output."
  },
  "api/Unity.Media.Blackmagic.DeckLinkDeviceEnumerator.html": {
    "href": "api/Unity.Media.Blackmagic.DeckLinkDeviceEnumerator.html",
    "title": "Class DeckLinkDeviceEnumerator | Blackmagic Video | 2.0.1",
    "keywords": "Class DeckLinkDeviceEnumerator The class to retrieve all available native DeckLink devices and video formats. Inheritance Object DeckLinkDeviceEnumerator Namespace : Unity.Media.Blackmagic Assembly : solution.dll Syntax public static class DeckLinkDeviceEnumerator Methods GetInputDeviceNames() Retrieves all available native input device names. Declaration public static string[] GetInputDeviceNames() Returns Type Description String [] An array containing all available input device names. GetOutputDeviceNames() Retrieves all available native output device names. Declaration public static string[] GetOutputDeviceNames() Returns Type Description String [] An array containing all available output device names. GetOutputModes(Int32) Scans available output modes on a specified device. Declaration public static int[] GetOutputModes(int deviceIndex) Parameters Type Name Description Int32 deviceIndex The index of the device to scan. Returns Type Description Int32 [] An array of available SDK mode values; null otherwise."
  },
  "api/Unity.Media.Blackmagic.DeckLinkHardwareDiscoveryPlugin.html": {
    "href": "api/Unity.Media.Blackmagic.DeckLinkHardwareDiscoveryPlugin.html",
    "title": "Class DeckLinkHardwareDiscoveryPlugin | Blackmagic Video | 2.0.1",
    "keywords": "Class DeckLinkHardwareDiscoveryPlugin This class contains static methods to retrieve API and hardware informations from the plugin. Inheritance Object DeckLinkHardwareDiscoveryPlugin Namespace : Unity.Media.Blackmagic Assembly : solution.dll Syntax public static class DeckLinkHardwareDiscoveryPlugin Methods GetBlackmagicAPIVersionPlugin() Retrieves the api version of the plugin. Declaration public static extern IntPtr GetBlackmagicAPIVersionPlugin() Returns Type Description IntPtr A pointer containing the API version of the plugin. GetDeckLinkCardLogicalDeviceName(Int32, Int32) Retrieves the logical device name based on the specified index. Declaration public static extern IntPtr GetDeckLinkCardLogicalDeviceName(int indexCard, int indexLogicalDevice) Parameters Type Name Description Int32 indexCard The index of the DeckLink card. Int32 indexLogicalDevice The index of the logical device. Returns Type Description IntPtr The logical device name. GetDeckLinkCardLogicalDevicesCount(Int32) Retrieves the amount of logical devices for a specific DeckLink card. Declaration public static extern int GetDeckLinkCardLogicalDevicesCount(int index) Parameters Type Name Description Int32 index The index of the DeckLink card. Returns Type Description Int32 The number of logical devices available for the specified DeckLink card. GetDeckLinkCardNameByIndex(Int32) Retrieves the DeckLink card name from an index. Declaration public static extern IntPtr GetDeckLinkCardNameByIndex(int index) Parameters Type Name Description Int32 index The index of the DeckLink card. Returns Type Description IntPtr A pointer containing the DeckLink card name. GetDeckLinkCardsCount() Retrieves how much DeckLink cards are installed in the current machine. Declaration public static extern int GetDeckLinkCardsCount() Returns Type Description Int32 The number of DeckLink cards installed in the current machine. GetDeckLinkDeviceGroupIDByIndex(Int32) Retrieves the DeckLink card unique ID. Declaration public static extern long GetDeckLinkDeviceGroupIDByIndex(int index) Parameters Type Name Description Int32 index The index of the DeckLink card. Returns Type Description Int64 A pointer containing the DeckLink card name. InitializeDeckLinkCards() Retrieves a list of the DeckLink cards installed in the current machine. Declaration public static extern bool InitializeDeckLinkCards() Returns Type Description Boolean True if succeeded; false otherwise."
  },
  "api/Unity.Media.Blackmagic.DeckLinkManager.html": {
    "href": "api/Unity.Media.Blackmagic.DeckLinkManager.html",
    "title": "Class DeckLinkManager | Blackmagic Video | 2.0.1",
    "keywords": "Class DeckLinkManager The class which holds input and output devices data. Inheritance Object Object Component Behaviour MonoBehaviour DeckLinkManager Inherited Members MonoBehaviour.IsInvoking() MonoBehaviour.CancelInvoke() MonoBehaviour.Invoke(String, Single) MonoBehaviour.InvokeRepeating(String, Single, Single) MonoBehaviour.CancelInvoke(String) MonoBehaviour.IsInvoking(String) MonoBehaviour.StartCoroutine(String) MonoBehaviour.StartCoroutine(String, Object) MonoBehaviour.StartCoroutine(IEnumerator) MonoBehaviour.StartCoroutine_Auto(IEnumerator) MonoBehaviour.StopCoroutine(IEnumerator) MonoBehaviour.StopCoroutine(Coroutine) MonoBehaviour.StopCoroutine(String) MonoBehaviour.StopAllCoroutines() MonoBehaviour.print(Object) MonoBehaviour.destroyCancellationToken MonoBehaviour.useGUILayout MonoBehaviour.runInEditMode Behaviour.enabled Behaviour.isActiveAndEnabled Component.GetComponent(Type) Component.GetComponent<T>() Component.TryGetComponent(Type, Component) Component.TryGetComponent<T>(T) Component.GetComponent(String) Component.GetComponentInChildren(Type, Boolean) Component.GetComponentInChildren(Type) Component.GetComponentInChildren<T>(Boolean) Component.GetComponentInChildren<T>() Component.GetComponentsInChildren(Type, Boolean) Component.GetComponentsInChildren(Type) Component.GetComponentsInChildren<T>(Boolean) Component.GetComponentsInChildren<T>(Boolean, List<T>) Component.GetComponentsInChildren<T>() Component.GetComponentsInChildren<T>(List<T>) Component.GetComponentInParent(Type, Boolean) Component.GetComponentInParent(Type) UnityEngine.Component.GetComponentInParent<T>(System.Boolean) Component.GetComponentInParent<T>() Component.GetComponentsInParent(Type, Boolean) Component.GetComponentsInParent(Type) Component.GetComponentsInParent<T>(Boolean) Component.GetComponentsInParent<T>(Boolean, List<T>) Component.GetComponentsInParent<T>() Component.GetComponents(Type) Component.GetComponents(Type, List<Component>) Component.GetComponents<T>(List<T>) Component.GetComponents<T>() Component.CompareTag(String) Component.SendMessageUpwards(String, Object, SendMessageOptions) Component.SendMessageUpwards(String, Object) Component.SendMessageUpwards(String) Component.SendMessageUpwards(String, SendMessageOptions) Component.SendMessage(String, Object) Component.SendMessage(String) Component.SendMessage(String, Object, SendMessageOptions) Component.SendMessage(String, SendMessageOptions) Component.BroadcastMessage(String, Object, SendMessageOptions) Component.BroadcastMessage(String, Object) Component.BroadcastMessage(String) Component.BroadcastMessage(String, SendMessageOptions) Component.transform Component.gameObject Component.tag Component.rigidbody Component.rigidbody2D Component.camera Component.light Component.animation Component.constantForce Component.renderer Component.audio Component.networkView Component.collider Component.collider2D Component.hingeJoint Component.particleSystem Object.GetInstanceID() Object.GetHashCode() Object.Equals(Object) Object.Instantiate(Object, Vector3, Quaternion) Object.Instantiate(Object, Vector3, Quaternion, Transform) Object.Instantiate(Object) Object.Instantiate(Object, Transform) Object.Instantiate(Object, Transform, Boolean) Object.Instantiate<T>(T) Object.Instantiate<T>(T, Vector3, Quaternion) Object.Instantiate<T>(T, Vector3, Quaternion, Transform) Object.Instantiate<T>(T, Transform) Object.Instantiate<T>(T, Transform, Boolean) Object.Destroy(Object, Single) Object.Destroy(Object) Object.DestroyImmediate(Object, Boolean) Object.DestroyImmediate(Object) Object.FindObjectsOfType(Type) Object.FindObjectsOfType(Type, Boolean) UnityEngine.Object.FindObjectsByType(System.Type, UnityEngine.FindObjectsSortMode) UnityEngine.Object.FindObjectsByType(System.Type, UnityEngine.FindObjectsInactive, UnityEngine.FindObjectsSortMode) Object.DontDestroyOnLoad(Object) Object.DestroyObject(Object, Single) Object.DestroyObject(Object) Object.FindSceneObjectsOfType(Type) Object.FindObjectsOfTypeIncludingAssets(Type) Object.FindObjectsOfType<T>() UnityEngine.Object.FindObjectsByType<T>(UnityEngine.FindObjectsSortMode) UnityEngine.Object.FindObjectsOfType<T>(System.Boolean) UnityEngine.Object.FindObjectsByType<T>(UnityEngine.FindObjectsInactive, UnityEngine.FindObjectsSortMode) Object.FindObjectOfType<T>() UnityEngine.Object.FindObjectOfType<T>(System.Boolean) UnityEngine.Object.FindFirstObjectByType<T>() UnityEngine.Object.FindAnyObjectByType<T>() UnityEngine.Object.FindFirstObjectByType<T>(UnityEngine.FindObjectsInactive) UnityEngine.Object.FindAnyObjectByType<T>(UnityEngine.FindObjectsInactive) Object.FindObjectsOfTypeAll(Type) Object.FindObjectOfType(Type) UnityEngine.Object.FindFirstObjectByType(System.Type) UnityEngine.Object.FindAnyObjectByType(System.Type) Object.FindObjectOfType(Type, Boolean) UnityEngine.Object.FindFirstObjectByType(System.Type, UnityEngine.FindObjectsInactive) UnityEngine.Object.FindAnyObjectByType(System.Type, UnityEngine.FindObjectsInactive) Object.ToString() Object.name Object.hideFlags Namespace : Unity.Media.Blackmagic Assembly : solution.dll Syntax [AddComponentMenu(\"\")] [ExecuteAlways] public class DeckLinkManager : MonoBehaviour Remarks It's represented as a unique instance (Singleton). Properties ApiVersion The DeckLink API version currently used. Declaration public string ApiVersion { get; } Property Value Type Description String EnableVideoManager Enables or not the DeckLinkManager instance in the Scene. Declaration public static bool EnableVideoManager { get; set; } Property Value Type Description Boolean Methods GetAvailableDeviceNames(VideoDeviceType) Retrieves an array of all available input or output devices. Declaration public string[] GetAvailableDeviceNames(VideoDeviceType deviceType) Parameters Type Name Description VideoDeviceType deviceType The video device type to retrieve. Returns Type Description String [] The array which contains all available devices. IsCurrentMappingCompatible() Determines if the current Connector Mapping profile is compatible with the card. Declaration public bool IsCurrentMappingCompatible() Returns Type Description Boolean True if the current Connector Mapping profile is compatible, otherwise false. Events OnMappingProfilesChanged Triggers when then Connector Mapping profile(s) has changed. Declaration public event Action OnMappingProfilesChanged Event Type Type Description Action"
  },
  "api/Unity.Media.Blackmagic.html": {
    "href": "api/Unity.Media.Blackmagic.html",
    "title": "Namespace Unity.Media.Blackmagic | Blackmagic Video | 2.0.1",
    "keywords": "Namespace Unity.Media.Blackmagic Classes BMDAudioSampleTypeExtensions A class that contains extension methods for BMDAudioSampleType . BMDPixelFormatExtensions A class that contains extension methods for BMDPixelFormat . DeckLinkDeviceEnumerator The class to retrieve all available native DeckLink devices and video formats. DeckLinkHardwareDiscoveryPlugin This class contains static methods to retrieve API and hardware informations from the plugin. DeckLinkManager The class which holds input and output devices data. InputVideoDeviceHandle The class used to access the data of an input device. LabelOverride OutputVideoDeviceHandle The class used to access the data of an output device. SimpleRingBuffer A simple circular software queue class. VideoDeviceHandle The class used to access the data of a device. Structs InputAudioFrame A struct containing the data for a frame of audio. InputVideoFrame A struct containing the data for a frame of video. SynchronizedAudioFrame A struct containing the data for a frame of audio for playback in the engine. Timecode A struct that represents a timecode. VideoMode Represents a unique combination of video resolution, framerate, and scanning mode that is supported by the Blackmagic SDK. Enums AudioOutputMode BMDAudioSampleType An enum defining the supported audio sample types. BMDColorSpace Enum values for BMD supported input/output color spaces BMDFieldDominance An enum defining the field dominance modes for a frame. BMDPixelFormat Enum values of the currently supported pixel formats. BMDTransferFunction The possible dynamic range standards for ITU-R Recommendation BT.2020/2100 video signals. DeckLinkConnectorMapping Contains the connector mappings currently supported in the package. InputError KeyingMode Determines how to use the keying feature. LinkMode Determines how to use the Link mode feature. These values mirror black magic's EOutputLinkMode. OutputTimecodeMode Determines what timecode is used by output video frames. VideoDeviceType Defines the type of a video device. VideoMode.FrameRate The available video frame rates. VideoMode.Resolution The available video resolutions. VideoMode.ScanMode The different scanning methods used in broadcasting."
  },
  "api/Unity.Media.Blackmagic.InputAudioFrame.html": {
    "href": "api/Unity.Media.Blackmagic.InputAudioFrame.html",
    "title": "Struct InputAudioFrame | Blackmagic Video | 2.0.1",
    "keywords": "Struct InputAudioFrame A struct containing the data for a frame of audio. Namespace : Unity.Media.Blackmagic Assembly : solution.dll Syntax public readonly struct InputAudioFrame Fields channelCount The number of audio channels. Declaration public readonly int channelCount Field Value Type Description Int32 data The contents of the audio data. Declaration public readonly IntPtr data Field Value Type Description IntPtr Remarks The samples for each channel are interleaved together. sampleCount The number of audio samples per channel in the frame. Declaration public readonly int sampleCount Field Value Type Description Int32 sampleType The audio samples type. Declaration public readonly BMDAudioSampleType sampleType Field Value Type Description BMDAudioSampleType size The length of the audio data in bytes. Declaration public readonly long size Field Value Type Description Int64 timestamp The time in flicks of the video frame corresponding to this audio packet. Declaration public readonly long timestamp Field Value Type Description Int64"
  },
  "api/Unity.Media.Blackmagic.InputError.html": {
    "href": "api/Unity.Media.Blackmagic.InputError.html",
    "title": "Enum InputError | Blackmagic Video | 2.0.1",
    "keywords": "Enum InputError Namespace : Unity.Media.Blackmagic Assembly : solution.dll Syntax public enum InputError Fields Name Description NoError IncompatiblePixelFormatAndVideoMode AudioPacketInvalid DeviceAlreadyUsed NoInputSource"
  },
  "api/Unity.Media.Blackmagic.InputVideoDeviceHandle.html": {
    "href": "api/Unity.Media.Blackmagic.InputVideoDeviceHandle.html",
    "title": "Class InputVideoDeviceHandle | Blackmagic Video | 2.0.1",
    "keywords": "Class InputVideoDeviceHandle The class used to access the data of an input device. Inheritance Object VideoDeviceHandle InputVideoDeviceHandle Inherited Members VideoDeviceHandle.Name VideoDeviceHandle.TryGetRenderTexture(RenderTexture) VideoDeviceHandle.TryGetFramerate(Int32, Int32) VideoDeviceHandle.IsActive() VideoDeviceHandle.GetTimestamp() VideoDeviceHandle.GetFormatName() VideoDeviceHandle.GetPixelFormat() VideoDeviceHandle.GetColorSpace() VideoDeviceHandle.GetTransferFunction() VideoDeviceHandle.ChangePixelFormat(BMDPixelFormat) VideoDeviceHandle.ChangeColorSpace(BMDColorSpace) VideoDeviceHandle.ChangeTransferFunction(BMDTransferFunction) VideoDeviceHandle.ApplyWorkingSpaceConversion(Boolean) VideoDeviceHandle.IsUsedInEditMode() VideoDeviceHandle.GetDroppedFrameCount() VideoDeviceHandle.TryGetVideoResolution(Nullable<VideoMode.Resolution>) VideoDeviceHandle.TryGetVideoFramerate(Nullable<VideoMode.FrameRate>) VideoDeviceHandle.TryGetVideoScanMode(Nullable<VideoMode.ScanMode>) Namespace : Unity.Media.Blackmagic Assembly : solution.dll Syntax [Serializable] public class InputVideoDeviceHandle : VideoDeviceHandle Properties DeviceType The type of the device. Declaration public override VideoDeviceType DeviceType { get; } Property Value Type Description VideoDeviceType Overrides VideoDeviceHandle.DeviceType Methods GetLastFrameStatus() Retrieves the status of the device during the last frame. Declaration public InputError GetLastFrameStatus() Returns Type Description InputError HasInputSource() Determines if the device has an active video signal or not. Declaration public bool HasInputSource() Returns Type Description Boolean True if it has an active video signal; false otherwise. RegisterAudioFrameCallback(Action<InputAudioFrame>) Registers a callback which will be triggered each time an audio packet arrived. Declaration public void RegisterAudioFrameCallback(Action<InputAudioFrame> callback) Parameters Type Name Description Action < InputAudioFrame > callback The audio callback. RegisterSynchronizedAudioFrameCallback(Action<SynchronizedAudioFrame>) Registers a callback which will be triggered each time an audio packet should be played to match the video. Declaration public void RegisterSynchronizedAudioFrameCallback(Action<SynchronizedAudioFrame> callback) Parameters Type Name Description Action < SynchronizedAudioFrame > callback The audio callback. RegisterVideoFrameCallback(Action<InputVideoFrame>) Registers a callback which will be triggered each time a video frame arrived. Declaration public void RegisterVideoFrameCallback(Action<InputVideoFrame> callback) Parameters Type Name Description Action < InputVideoFrame > callback The video callback. UnregisterAudioFrameCallback(Action<InputAudioFrame>) Unregisters the audio callback. Declaration public void UnregisterAudioFrameCallback(Action<InputAudioFrame> callback) Parameters Type Name Description Action < InputAudioFrame > callback The audio callback. UnregisterSynchronizedAudioFrameCallback(Action<SynchronizedAudioFrame>) Unregisters the audio callback. Declaration public void UnregisterSynchronizedAudioFrameCallback(Action<SynchronizedAudioFrame> callback) Parameters Type Name Description Action < SynchronizedAudioFrame > callback The audio callback. UnregisterVideoFrameCallback(Action<InputVideoFrame>) Unregisters the video callback. Declaration public void UnregisterVideoFrameCallback(Action<InputVideoFrame> callback) Parameters Type Name Description Action < InputVideoFrame > callback The video callback."
  },
  "api/Unity.Media.Blackmagic.InputVideoFrame.html": {
    "href": "api/Unity.Media.Blackmagic.InputVideoFrame.html",
    "title": "Struct InputVideoFrame | Blackmagic Video | 2.0.1",
    "keywords": "Struct InputVideoFrame A struct containing the data for a frame of video. Namespace : Unity.Media.Blackmagic Assembly : solution.dll Syntax public readonly struct InputVideoFrame Fields data The contents of the video frame. Declaration public readonly IntPtr data Field Value Type Description IntPtr fieldDominance The field dominance of this video frame. Declaration public readonly BMDFieldDominance fieldDominance Field Value Type Description BMDFieldDominance frameDuration The duration of the frame in flicks. Declaration public readonly long frameDuration Field Value Type Description Int64 hardwareReferenceTimestamp The time in flicks when the frame was received by the hardware device. Declaration public readonly long hardwareReferenceTimestamp Field Value Type Description Int64 Remarks Since this is based on the hardware clock time, it is not expected to increase a consistent amount between frames. height The height of the video frame in pixels. Declaration public readonly int height Field Value Type Description Int32 pixelFormat The pixel format of the video frame. Declaration public readonly BMDPixelFormat pixelFormat Field Value Type Description BMDPixelFormat size The length of the video data in bytes. Declaration public readonly long size Field Value Type Description Int64 streamTimestamp The time in flicks of the frame relative to the video stream. Declaration public readonly long streamTimestamp Field Value Type Description Int64 Remarks This increases a consistent amount every frame, based on the frame rate. If a frame is dropped by the hardware, it will skip over the dropped frame, so it may be used to detect frame drops. timecode The timecode for the frame. Declaration public readonly Timecode? timecode Field Value Type Description Nullable < Timecode > Remarks If timecode is not available for this frame, the value will be null . width The width of the video frame in pixels. Declaration public readonly int width Field Value Type Description Int32"
  },
  "api/Unity.Media.Blackmagic.KeyingMode.html": {
    "href": "api/Unity.Media.Blackmagic.KeyingMode.html",
    "title": "Enum KeyingMode | Blackmagic Video | 2.0.1",
    "keywords": "Enum KeyingMode Determines how to use the keying feature. Namespace : Unity.Media.Blackmagic Assembly : solution.dll Syntax public enum KeyingMode Fields Name Description None Keying is not used. External Send the fill and key informations to an external keyer. Internal Compose a foreground key frame over an incoming background video feed."
  },
  "api/Unity.Media.Blackmagic.LabelOverride.html": {
    "href": "api/Unity.Media.Blackmagic.LabelOverride.html",
    "title": "Class LabelOverride | Blackmagic Video | 2.0.1",
    "keywords": "Class LabelOverride Inheritance Object Attribute PropertyAttribute LabelOverride Inherited Members PropertyAttribute.order Namespace : Unity.Media.Blackmagic Assembly : solution.dll Syntax public class LabelOverride : PropertyAttribute, _Attribute Constructors LabelOverride(String) Declaration public LabelOverride(string label) Parameters Type Name Description String label Fields Label Declaration public string Label Field Value Type Description String"
  },
  "api/Unity.Media.Blackmagic.LinkMode.html": {
    "href": "api/Unity.Media.Blackmagic.LinkMode.html",
    "title": "Enum LinkMode | Blackmagic Video | 2.0.1",
    "keywords": "Enum LinkMode Determines how to use the Link mode feature. These values mirror black magic's EOutputLinkMode. Namespace : Unity.Media.Blackmagic Assembly : solution.dll Syntax public enum LinkMode Fields Name Description Single Single Link mode. Dual Dual Link mode. Quad Quad Link mode."
  },
  "api/Unity.Media.Blackmagic.OutputTimecodeMode.html": {
    "href": "api/Unity.Media.Blackmagic.OutputTimecodeMode.html",
    "title": "Enum OutputTimecodeMode | Blackmagic Video | 2.0.1",
    "keywords": "Enum OutputTimecodeMode Determines what timecode is used by output video frames. Namespace : Unity.Media.Blackmagic Assembly : solution.dll Syntax public enum OutputTimecodeMode Fields Name Description Auto The timecode is calculated from the frame number. SameAsInput The timecode is given by the input video associated with this output device."
  },
  "api/Unity.Media.Blackmagic.OutputVideoDeviceHandle.html": {
    "href": "api/Unity.Media.Blackmagic.OutputVideoDeviceHandle.html",
    "title": "Class OutputVideoDeviceHandle | Blackmagic Video | 2.0.1",
    "keywords": "Class OutputVideoDeviceHandle The class used to access the data of an output device. Inheritance Object VideoDeviceHandle OutputVideoDeviceHandle Inherited Members VideoDeviceHandle.Name VideoDeviceHandle.TryGetRenderTexture(RenderTexture) VideoDeviceHandle.TryGetFramerate(Int32, Int32) VideoDeviceHandle.IsActive() VideoDeviceHandle.GetTimestamp() VideoDeviceHandle.GetFormatName() VideoDeviceHandle.GetPixelFormat() VideoDeviceHandle.GetColorSpace() VideoDeviceHandle.GetTransferFunction() VideoDeviceHandle.IsUsedInEditMode() VideoDeviceHandle.GetDroppedFrameCount() VideoDeviceHandle.TryGetVideoResolution(Nullable<VideoMode.Resolution>) VideoDeviceHandle.TryGetVideoFramerate(Nullable<VideoMode.FrameRate>) VideoDeviceHandle.TryGetVideoScanMode(Nullable<VideoMode.ScanMode>) Namespace : Unity.Media.Blackmagic Assembly : solution.dll Syntax [Serializable] public class OutputVideoDeviceHandle : VideoDeviceHandle Properties DeviceType The type of the device. Declaration public override VideoDeviceType DeviceType { get; } Property Value Type Description VideoDeviceType Overrides VideoDeviceHandle.DeviceType TimecodeMode Determines the source of the timecode used by the output. Declaration public OutputTimecodeMode TimecodeMode { get; set; } Property Value Type Description OutputTimecodeMode Methods ApplyWorkingSpaceConversion(Boolean) Enables or disables the working space conversion. Declaration public void ApplyWorkingSpaceConversion(bool apply) Parameters Type Name Description Boolean apply Boolean toggle driving the application of the conversion. ChangeColorSpace(BMDColorSpace) Changes the color space. Declaration public void ChangeColorSpace(BMDColorSpace colorSpace) Parameters Type Name Description BMDColorSpace colorSpace The color space. ChangeKeyingMode(KeyingMode) Changes the video keying mode. Declaration public bool ChangeKeyingMode(KeyingMode keyingMode) Parameters Type Name Description KeyingMode keyingMode The video keying mode. Returns Type Description Boolean True if the configuration has successfully changed, false otherwise. ChangePixelFormat(BMDPixelFormat) Changes the video pixel format. Declaration public void ChangePixelFormat(BMDPixelFormat pixelFormat) Parameters Type Name Description BMDPixelFormat pixelFormat The video pixel format. ChangeSameVideoModeAsInputDevice(Boolean, String) Configure automatic and continuous matching of video resolution, framerate, and scan mode to those of a specific input device. Declaration public bool ChangeSameVideoModeAsInputDevice(bool enabled, string inputDeviceName) Parameters Type Name Description Boolean enabled Enables or disables the matching. String inputDeviceName The name of the input device to match. Returns Type Description Boolean True if the configuration has successfully changed, false otherwise. ChangeTransferFunction(BMDTransferFunction) Changes the transfer function. Declaration public void ChangeTransferFunction(BMDTransferFunction transferFunction) Parameters Type Name Description BMDTransferFunction transferFunction The transfer function. ChangeVideoFrameRate(VideoMode.FrameRate) Changes the video frameRate. Declaration public bool ChangeVideoFrameRate(VideoMode.FrameRate frameRate) Parameters Type Name Description VideoMode.FrameRate frameRate The video framerate. Returns Type Description Boolean True if the configuration has successfully changed, false otherwise. Remarks Available combinations are dictated by the physical device, and detected at runtime. ChangeVideoMode(VideoMode.Resolution, VideoMode.FrameRate, VideoMode.ScanMode) Changes the video device mode configuration. Declaration public bool ChangeVideoMode(VideoMode.Resolution resolution, VideoMode.FrameRate frameRate, VideoMode.ScanMode scanMode) Parameters Type Name Description VideoMode.Resolution resolution The video resolution. VideoMode.FrameRate frameRate The video framerate. VideoMode.ScanMode scanMode The video scan mode. Returns Type Description Boolean True if the configuration has successfully changed, false otherwise. ChangeVideoResolution(VideoMode.Resolution) Changes the video resolution. Declaration public bool ChangeVideoResolution(VideoMode.Resolution resolution) Parameters Type Name Description VideoMode.Resolution resolution The video resolution. Returns Type Description Boolean True if the configuration has successfully changed, false otherwise. ChangeVideoScanMode(VideoMode.ScanMode) Changes the video scanning Mode. Declaration public bool ChangeVideoScanMode(VideoMode.ScanMode scanMode) Parameters Type Name Description VideoMode.ScanMode scanMode The video scan mode. Returns Type Description Boolean True if the configuration has successfully changed, false otherwise. GetLateFrameCount() Retrieves the number of frames displayed late. Declaration public uint GetLateFrameCount() Returns Type Description UInt32 The number of frames displayed late. IsGenlocked() The plugin uses a Signal Generator device and all the sources are synced to the same video format. Declaration public bool IsGenlocked() Returns Type Description Boolean True if the plugin device is genlocked, false otherwise. IsOutputtingAudio() Determines if the device is outputting audio. Declaration public AudioOutputMode IsOutputtingAudio() Returns Type Description AudioOutputMode True if the device is outputting audio, false otherwise. IsUsingGPUDirect() The plugin uses the GPUDirect technology. Declaration public bool IsUsingGPUDirect() Returns Type Description Boolean True if the plugin device is using GPUDirect, false otherwise. SetTimecodeOverride(Nullable<Timecode>) Overrides the timecode used for output frames. Declaration public void SetTimecodeOverride(Timecode? timecode) Parameters Type Name Description Nullable < Timecode > timecode The timecode to use in flicks. Set to null to stop overriding the output timecode."
  },
  "api/Unity.Media.Blackmagic.SimpleRingBuffer.html": {
    "href": "api/Unity.Media.Blackmagic.SimpleRingBuffer.html",
    "title": "Class SimpleRingBuffer | Blackmagic Video | 2.0.1",
    "keywords": "Class SimpleRingBuffer A simple circular software queue class. Inheritance Object SimpleRingBuffer Namespace : Unity.Media.Blackmagic Assembly : solution.dll Syntax public class SimpleRingBuffer Constructors SimpleRingBuffer(UInt64) A simple constructor that allocates memory to the buffer. Declaration public SimpleRingBuffer(ulong capacity) Parameters Type Name Description UInt64 capacity Fields Capacity The capacity of the buffer. Declaration public int Capacity Field Value Type Description Int32 IsReady Determines if the buffer is ready to be read. Declaration public bool IsReady Field Value Type Description Boolean Properties FillCount The number of elements currently written to the buffer. Declaration public int FillCount { get; } Property Value Type Description Int32 FreeCount The available space in the buffer. Declaration public int FreeCount { get; } Property Value Type Description Int32 ReadOffset Determines where to start reading the data. Declaration public int ReadOffset { get; } Property Value Type Description Int32 WriteOffset Determines where to start writing the data. Declaration public int WriteOffset { get; } Property Value Type Description Int32 Methods FreeSpace(Int32) Reads data from the circular buffer without performing any copy. Declaration public int FreeSpace(int count) Parameters Type Name Description Int32 count The length of the data to mark as read. Returns Type Description Int32 The number of elements that have been read from the buffer. Read(ref Single[], Int32) Reads data from the circular buffer. Declaration public int Read(ref float[] sink, int count) Parameters Type Name Description Single [] sink An array of floats comprising the audio data. Int32 count The length of the array of floats. Returns Type Description Int32 The number of elements that have been read from the buffer. Write(Single[], Int32) Writes data to the circular buffer. Declaration public int Write(float[] source, int count) Parameters Type Name Description Single [] source The data to write in the buffer. Int32 count The number of samples to write in the buffer. Returns Type Description Int32 The number of samples written in the buffer."
  },
  "api/Unity.Media.Blackmagic.SynchronizedAudioFrame.html": {
    "href": "api/Unity.Media.Blackmagic.SynchronizedAudioFrame.html",
    "title": "Struct SynchronizedAudioFrame | Blackmagic Video | 2.0.1",
    "keywords": "Struct SynchronizedAudioFrame A struct containing the data for a frame of audio for playback in the engine. Namespace : Unity.Media.Blackmagic Assembly : solution.dll Syntax public readonly struct SynchronizedAudioFrame Fields channelCount The number of audio channels. Declaration public readonly int channelCount Field Value Type Description Int32 data The audio samples for the frame. Declaration public readonly NativeSlice<float> data Field Value Type Description NativeSlice < Single > Remarks The samples for each channel are interleaved together."
  },
  "api/Unity.Media.Blackmagic.Timecode.html": {
    "href": "api/Unity.Media.Blackmagic.Timecode.html",
    "title": "Struct Timecode | Blackmagic Video | 2.0.1",
    "keywords": "Struct Timecode A struct that represents a timecode. Namespace : Unity.Media.Blackmagic Assembly : solution.dll Syntax public readonly struct Timecode : IComparable, IComparable<Timecode>, IEquatable<Timecode> Constructors Timecode(Int64, Int32, Int32, Int32, Int32, Boolean) Creates a new Timecode instance. Declaration public Timecode(long frameDuration, int hour, int minute, int second, int frame, bool isDropFrame) Parameters Type Name Description Int64 frameDuration The duration of the frame in flicks. Int32 hour The number of elapsed hours. Int32 minute The number of elapsed minutes in the current hour. Int32 second The number of elapsed seconds in the current minute. Int32 frame The number of elapsed frames in the current second. Boolean isDropFrame Is the specified time a valid drop frame timecode. Timecode(Int64, Int64, Boolean) Creates a new Timecode instance. Declaration public Timecode(long frameDuration, long flicks, bool isDropFrame = false) Parameters Type Name Description Int64 frameDuration The duration of the frame in flicks. Int64 flicks The time in flicks. Boolean isDropFrame Is the specified time a valid drop frame timecode. Properties Flicks The timecode in flicks. Declaration public readonly long Flicks { get; } Property Value Type Description Int64 Remarks A flick is defined as 1/705,600,000 of a second. Frame The number of elapsed frames in the current second. Declaration public readonly int Frame { get; } Property Value Type Description Int32 FrameDuration The duration of the frame in flicks. Declaration public readonly long FrameDuration { get; } Property Value Type Description Int64 Hour The number of elapsed hours. Declaration public readonly int Hour { get; } Property Value Type Description Int32 IsDropFrame Is the timecode a drop frame timecode. Declaration public readonly bool IsDropFrame { get; } Property Value Type Description Boolean Minute The number of elapsed minutes in the current hour. Declaration public readonly int Minute { get; } Property Value Type Description Int32 Second The number of elapsed seconds in the current minute. Declaration public readonly int Second { get; } Property Value Type Description Int32 Methods CompareTo(Object) Compares this instance to a specified object and returns an indication of their relative values. Declaration public readonly int CompareTo(object obj) Parameters Type Name Description Object obj The object to compare with this instance. Returns Type Description Int32 A signed number indicating the relative values of this instance and obj . Returns a negative value when obj is not a valid Timecode instance or this instance is less than obj . Returns zero when this instance is the same as obj . Returns a positive value when this instance is greater than obj . CompareTo(Timecode) Compares this instance to a specified Timecode and returns an indication of their relative values. Declaration public readonly int CompareTo(Timecode other) Parameters Type Name Description Timecode other The value to compare with this instance. Returns Type Description Int32 A signed number indicating the relative values of this instance and other . Returns a negative value when this instance is less than other . Returns zero when this instance is the same as other . Returns a positive value when this instance is greater than other . Equals(Object) Returns a value indicating whether this instance is equal to a specified object. Declaration public override readonly bool Equals(object obj) Parameters Type Name Description Object obj An object to compare with this instance. Returns Type Description Boolean true if obj is an instance of Timecode and equals the value of this instance; otherwise, false . Overrides ValueType.Equals(Object) Equals(Timecode) Returns a value indicating whether this instance is equal to a specified Timecode . Declaration public readonly bool Equals(Timecode other) Parameters Type Name Description Timecode other A value to compare with this instance. Returns Type Description Boolean true if other has the same value as this instance; otherwise, false . GetHashCode() Returns the hash code for this instance. Declaration public override readonly int GetHashCode() Returns Type Description Int32 The hash code for this instance. Overrides ValueType.GetHashCode() ToString() Returns the timecode represented as a string. Declaration public override readonly string ToString() Returns Type Description String The timecode represented as a string. Overrides ValueType.ToString() Operators Equality(Timecode, Timecode) Determines whether two specified instances of Timecode are equal. Declaration public static bool operator ==(Timecode a, Timecode b) Parameters Type Name Description Timecode a The first instance to compare. Timecode b The second instance to compare. Returns Type Description Boolean true if a and b represent the same value; otherwise, false . GreaterThan(Timecode, Timecode) Determines whether one specified Timecode is later than another specified Timecode . Declaration public static bool operator>(Timecode a, Timecode b) Parameters Type Name Description Timecode a The first instance to compare. Timecode b The second instance to compare. Returns Type Description Boolean true if a is later than b ; otherwise, false . GreaterThanOrEqual(Timecode, Timecode) Determines whether one specified Timecode is later than or the same as another specified Timecode . Declaration public static bool operator >=(Timecode a, Timecode b) Parameters Type Name Description Timecode a The first instance to compare. Timecode b The second instance to compare. Returns Type Description Boolean true if a is later than or the same as b ; otherwise, false . Inequality(Timecode, Timecode) Determines whether two specified instances of Timecode are not equal. Declaration public static bool operator !=(Timecode a, Timecode b) Parameters Type Name Description Timecode a The first instance to compare. Timecode b The second instance to compare. Returns Type Description Boolean true if a and b do not represent the same value; otherwise, false . LessThan(Timecode, Timecode) Determines whether one specified Timecode is earlier than another specified Timecode . Declaration public static bool operator <(Timecode a, Timecode b) Parameters Type Name Description Timecode a The first instance to compare. Timecode b The second instance to compare. Returns Type Description Boolean true if a is earlier than b ; otherwise, false . LessThanOrEqual(Timecode, Timecode) Determines whether one specified Timecode is earlier than or the same as another specified Timecode . Declaration public static bool operator <=(Timecode a, Timecode b) Parameters Type Name Description Timecode a The first instance to compare. Timecode b The second instance to compare. Returns Type Description Boolean true if a is earlier than or the same as b ; otherwise, false ."
  },
  "api/Unity.Media.Blackmagic.VideoDeviceHandle.html": {
    "href": "api/Unity.Media.Blackmagic.VideoDeviceHandle.html",
    "title": "Class VideoDeviceHandle | Blackmagic Video | 2.0.1",
    "keywords": "Class VideoDeviceHandle The class used to access the data of a device. Inheritance Object VideoDeviceHandle InputVideoDeviceHandle OutputVideoDeviceHandle Namespace : Unity.Media.Blackmagic Assembly : solution.dll Syntax [Serializable] public abstract class VideoDeviceHandle Fields Name The name of the device. Declaration public string Name Field Value Type Description String Properties DeviceType The type of the device. Declaration public abstract VideoDeviceType DeviceType { get; } Property Value Type Description VideoDeviceType Methods ApplyWorkingSpaceConversion(Boolean) Enables or disables the working space conversion. Declaration public void ApplyWorkingSpaceConversion(bool apply) Parameters Type Name Description Boolean apply Boolean toggle driving the application of the conversion. ChangeColorSpace(BMDColorSpace) Changes the color space. Declaration public void ChangeColorSpace(BMDColorSpace colorSpace) Parameters Type Name Description BMDColorSpace colorSpace The color space. ChangePixelFormat(BMDPixelFormat) Changes the video pixel format. Declaration public void ChangePixelFormat(BMDPixelFormat pixelFormat) Parameters Type Name Description BMDPixelFormat pixelFormat The video pixel format. ChangeTransferFunction(BMDTransferFunction) Changes the transfer function. Declaration public void ChangeTransferFunction(BMDTransferFunction transferFunction) Parameters Type Name Description BMDTransferFunction transferFunction The transfer function. GetColorSpace() Retrieves the color space used by the current device. Declaration public BMDColorSpace GetColorSpace() Returns Type Description BMDColorSpace The color space value. GetDroppedFrameCount() Retrieves the number of dropped frames. Declaration public uint GetDroppedFrameCount() Returns Type Description UInt32 The number of dropped frames. GetFormatName() Retrieves the video format used by the current device. Declaration public string GetFormatName() Returns Type Description String The video format name. GetPixelFormat() Retrieves the pixel format used by the current device. Declaration public BMDPixelFormat GetPixelFormat() Returns Type Description BMDPixelFormat The pixel format value. GetTimestamp() Retrieves the timestamp of the oldest frame. Declaration public Timecode GetTimestamp() Returns Type Description Timecode The timestamp. GetTransferFunction() Retrieves the transfer function used by the current device. Declaration public BMDTransferFunction GetTransferFunction() Returns Type Description BMDTransferFunction The transfer function value. IsActive() Determines if the device is in use or not. Declaration public bool IsActive() Returns Type Description Boolean True if used; false otherwise. IsUsedInEditMode() Determines if the device is active in edit mode. Declaration public bool IsUsedInEditMode() Returns Type Description Boolean True if used in edit mode; false otherwise. TryGetFramerate(out Int32, out Int32) Retrieves the video frame rate. Declaration public bool TryGetFramerate(out int numerator, out int denominator) Parameters Type Name Description Int32 numerator The numerator to retrieve. Int32 denominator The denominator to retrieve. Returns Type Description Boolean True if succeeded; false otherwise. TryGetRenderTexture(out RenderTexture) Retrieves the RenderTexture which contains the blit operations. Declaration public bool TryGetRenderTexture(out RenderTexture renderTexture) Parameters Type Name Description RenderTexture renderTexture The RenderTexture to retrieve. Returns Type Description Boolean True if succeeded; false otherwise. TryGetVideoFramerate(out Nullable<VideoMode.FrameRate>) Retrieves the video frame rate. Declaration public bool TryGetVideoFramerate(out VideoMode.FrameRate? framerate) Parameters Type Name Description Nullable < VideoMode.FrameRate > framerate The framerate to retrieve. Returns Type Description Boolean True if succeeded; false otherwise. TryGetVideoResolution(out Nullable<VideoMode.Resolution>) Retrieves the video resolution. Declaration public bool TryGetVideoResolution(out VideoMode.Resolution? resolution) Parameters Type Name Description Nullable < VideoMode.Resolution > resolution The resolution to retrieve. Returns Type Description Boolean True if succeeded; false otherwise. TryGetVideoScanMode(out Nullable<VideoMode.ScanMode>) Retrieves the video scanning mode. Declaration public bool TryGetVideoScanMode(out VideoMode.ScanMode? scanMode) Parameters Type Name Description Nullable < VideoMode.ScanMode > scanMode The scanMode to retrieve. Returns Type Description Boolean True if succeeded; false otherwise."
  },
  "api/Unity.Media.Blackmagic.VideoDeviceType.html": {
    "href": "api/Unity.Media.Blackmagic.VideoDeviceType.html",
    "title": "Enum VideoDeviceType | Blackmagic Video | 2.0.1",
    "keywords": "Enum VideoDeviceType Defines the type of a video device. Namespace : Unity.Media.Blackmagic Assembly : solution.dll Syntax public enum VideoDeviceType Fields Name Description Input The device is of type DeckLinkInputDevice. Output The device is of type DeckLinkOutputDevice."
  },
  "api/Unity.Media.Blackmagic.VideoMode.FrameRate.html": {
    "href": "api/Unity.Media.Blackmagic.VideoMode.FrameRate.html",
    "title": "Enum VideoMode.FrameRate | Blackmagic Video | 2.0.1",
    "keywords": "Enum VideoMode.FrameRate The available video frame rates. Namespace : Unity.Media.Blackmagic Assembly : solution.dll Syntax public enum FrameRate Fields Name Description f23_98 The 23.98 frame rate. f24 The 24 frame rate. f25 The 25 frame rate. f29_97 The 29.97 frame rate. f30 The 30 frame rate. f47_95 The 47.95 frame rate. f48 The 48 frame rate. f50 The 50 frame rate. f59_94 The 59.94 frame rate. f60 The 60 frame rate. f95_90 The 95.90 frame rate. f96 The 96 frame rate. f98 The 98 frame rate. f100 The 100 frame rate. f119_88 The 119.88 frame rate. f120 The 120 frame rate."
  },
  "api/Unity.Media.Blackmagic.VideoMode.html": {
    "href": "api/Unity.Media.Blackmagic.VideoMode.html",
    "title": "Struct VideoMode | Blackmagic Video | 2.0.1",
    "keywords": "Struct VideoMode Represents a unique combination of video resolution, framerate, and scanning mode that is supported by the Blackmagic SDK. Namespace : Unity.Media.Blackmagic Assembly : solution.dll Syntax public readonly struct VideoMode Fields frameRate The frame rate of the video. Declaration public readonly VideoMode.FrameRate frameRate Field Value Type Description VideoMode.FrameRate resolution The resolution of the video. Declaration public readonly VideoMode.Resolution resolution Field Value Type Description VideoMode.Resolution scanMode The scanning mode of the video. Declaration public readonly VideoMode.ScanMode scanMode Field Value Type Description VideoMode.ScanMode"
  },
  "api/Unity.Media.Blackmagic.VideoMode.Resolution.html": {
    "href": "api/Unity.Media.Blackmagic.VideoMode.Resolution.html",
    "title": "Enum VideoMode.Resolution | Blackmagic Video | 2.0.1",
    "keywords": "Enum VideoMode.Resolution The available video resolutions. Namespace : Unity.Media.Blackmagic Assembly : solution.dll Syntax public enum Resolution Fields Name Description fNTSC The 720 x 486 resolution. fPAL The 720 x 576 resolution. fHD1080 The 1920 x 1080 resolution. fHD720 The 1280 x 720 resolution. f2K The 2048 x 1556 resolution. f2K_DCI The 2048 x 1080 resolution. f2160 The 3840 x 2160 resolution. f4K_DCI The 4096 x 2160 resolution. f4320 The 7680 x 4320 resolution. f8k_DCI The 8192 x 4320 resolution. f640_x_480 The 640 x 480 resolution. f800_x_600 The 800 x 600 resolution. f1440_x_900 The 1440 x 900 resolution. f1440_x_1080 The 1440 x 1080 resolution. f1600_x_1200 The 1600 x 1200 resolution. f1920_x_1200 The 1920 x 1200 resolution. f1920_x_1440 The 1920 x 1440 resolution. f2560_x_1440 The 2560 x 1440 resolution. f2560_x_1600 The 2560 x 1600 resolution."
  },
  "api/Unity.Media.Blackmagic.VideoMode.ScanMode.html": {
    "href": "api/Unity.Media.Blackmagic.VideoMode.ScanMode.html",
    "title": "Enum VideoMode.ScanMode | Blackmagic Video | 2.0.1",
    "keywords": "Enum VideoMode.ScanMode The different scanning methods used in broadcasting. Namespace : Unity.Media.Blackmagic Assembly : solution.dll Syntax public enum ScanMode Fields Name Description Progressive A complete frame containing all scan lines. Interlaced Half of a frame is transmitted at a time."
  },
  "changelog/CHANGELOG.html": {
    "href": "changelog/CHANGELOG.html",
    "title": "Changelog | Blackmagic Video | 2.0.1",
    "keywords": "Changelog All notable changes to this package will be documented in this file. The format is based on Keep a Changelog and this project adheres to Semantic Versioning . [Unreleased] - 2023-09-08 Changed Removed Pro License requirement. [2.0.1] - 2023-05-15 Added Linux support. Changed Updated the SDK to 12.4.2. Fixed A bug that causes the device name to be wrong. = A bug that causes the device dropdown (public API) to be inactive. [2.0.0] - 2023-03-15 Added New integration with the Live Capture package genlock APIs. Added synchronized audio input callbacks. Editor analytics. An error message in the Blackmagic window when the SDI port is already used by another program. Changed Improved our interlace workflow. Improved our synchronization workflow. Buffering of frames is now in C# instead of C++. Updated the required minimum Unity Editor version to Unity 2022.2. Some input device API have been refactored to improve clarity and provide more detailed information. Removed the licensing error for Standalone builds. Fixed A crash when using an input device. A bug that causes the frame duration for the input device format to be incorrect. Removing input device while an output device was using it (Media Mode: Same as Input) was spamming errors in the console. Input device callbacks now work in IL2CPP builds. A crash when the SDI port is already used by another program (output). A crash due to an invalid configuration when using the RGB12 format. The Link Mode property was not persistently serialized. [1.0.1] - 2022-09-20 Added An API to retrieve the status of a device. Changed Restricted the access of many classes and methods. Removed an unused Custom Pass in our HDRP sample project. Removed the Keyer assets and samples from the URP and Legacy sample projects. Fixed An error in the console when not using the Low Latency checkbox. [1.0.0] - 2022-08-09 Added The capability to rename the custom dropdown of devices when using the public API. A public API to detect an incoming signal or not. Collapsible fields are now serialized. The Low Latency feature has been improved. A warning when using GPUDirect without Direct3D11. Changed The synchronization between the input audio and the video has been improved. Fixed A runtime error when using the Low Latency property. [1.0.0-pre.3] - 2022-06-20 Changed Change licenses in the Third Party Notices file. Fixed A crash when using a multi-scenes project without a proper license. A crash when using RenderDoc in the editor. Missing shaders in the HDRP sample project. [1.0.0-pre.2] - 2022-05-05 Changed Improve the public API documentation. [1.0.0-pre.1] - 2022-04-05 Added A licensing solution, enforcing the use of a Unity Pro license. New sample scenes. They are also now available through the Package Manager. Hardware-dependent Unit Tests. An error callback that is accessible from the public API. Support for using multiple DeckLink cards at the same time. Support for GPUDirect technology. Input audio support. An audio callback to retrieve the audio data, accessible from the public API. A new output audio mode. It can automatically retrieve and use the audio data from an input device. Changed Improvements have been made regarding color accuracy (BT.2020 and BT.709). The package has been renamed to com.unity.media.blackmagic. The old Unity logo has been removed from the sample scenes. Fixed Compilation errors when installing the Blackmagic and the Live Capture packages in the same project. An issue where devices were being erased when disabling the Video Manager. macOS crashes when using BT.2020 in addition to the Async mode. macOS and Windows leaks when using the Async mode. Serialization issues with the color properties. Color accuracy in the Plane sample scene. The Link Mode property was not always detected correctly on macOS. [1.0.0-exp.3] - 2021-11-29 Added The ability to change many properties in runtime. A manual compositing sample scene in the HDRP project. Multiple Color Difference keying sample scenes in the HDRP project. RGB12 for input and output devices. Sample scenes optimization. Timecode support for input and output devices. A sample project using the Timecode feature with the Live Capture package. A filtering mode for input and output RenderTexture. A warning when the same logical device is used twice. The capacity to select the Link mode (Single / Dual / Quad) on output devices. Support of IL2CPP. Multithreaded copy for input and output plugin operations. Public API functions to change multiple properties in Runtime, such as the Pixel Format or the Color Space information. The ability to override on input for Colorspace, Pixel Format, and Transfer function. Updated documentation. Changed The name of the Blackmagic window. The names of the sample projects. Detection of potential conflicts between the video source and the DeckLink card configuration. Input devices are now always initialized in YUV8 and then changed to the requested Pixel Format if compatible. Removed GC.Alloc. Revised the Blackmagic window (input and output sections). Fixed Memory leaks. Stuttering issues. Crashes in Async mode. Incompatibilities between Rec.2020 and External keying. Driver crashes when the Pixel Format isn't compatible with the DeckLink card used. Update in Editor issue after saving the scene. Serialization issue for Fill and Key. A URP leak issue. HDR multiple issues. URP's RenderTexture dark issue. [1.0.0-exp.2] - 2021-08-03 Added Apple environment support. An icon next to each device, indicating whether its current use has problems or not. RGBA 8bits pixel format for the output devices. YUV 10bits pixel format for the input and output devices. Support of Internal and External Fill and Key. Interlacing and Deinterlacing for all pixel formats. Sample scenes for the Fill and Key feature. The ability to change the SDI port(s), video configuration, and pixel format while the device is in use. Auto-detection of the compatible Connector Mapping profiles for the installed DeckLink card. The support of the 4 main Connector Mapping profiles. The public API has been extended, offering more capabilities. Colorspaces metadata support for Rec.601, Rec.709, and Rec.2020. Icons for the Plugin window. Changed Unity's clock is now better synchronized with the DeckLink card's clock. Public API for accessing the target RenderTexture property. The video configuration is now separated in 3 different dropdowns (Resolution / Framerate / Scanning Mode). A second camera is no longer necessary, the Game View is now always rendering the Camera result. Fixed Editor errors when reloading the Plugin window. Error in console when going in Play mode with Editor Update checked. The SDI port(s) on the devices were not always reloaded correctly in Standalone Builds. The Camera Bridge feature on HDRP and the Graphics Compositor. Incorrect conversion when changing the video configuration. Interlacing and deinterlacing artifacts. Memory leaks. [1.0.0-exp.1] - 2021-06-05 Added A button to remove the Window Devices instance and its resources in the scene. A button to warn the user that their color buffer format doesn't have an alpha channel. Multiple output devices support. Outputting to a format different than the fullscreen application format. Standalone build support. Public API to retrieve device(s) information. Changed A CustomPropertyDrawer now allows the user to easily access the public API functions. Output devices are not using the Target Texture property anymore, on the assigned Camera component. Fixed The right command buffer is now removed for output devices using the Legacy RenderPipeline. A leak issue, where the resources were not removed during an assembly reload. [0.0.1-preview.2] - 2021-02-19 Added A 'Video Manager' window to manage Blackmagic devices and show related information to the plugin. 'Connector Mappings' to change how Blackmagic devices are mapped to the SDI ports. Detection of the hardware (displayed in the Video Manager window). Detection of the API version (displayed in the Video Manager window). Automatic device detection through the C++ plugin (device added / removed / unplugged). Pixel Format for the Input and Output devices. Automatic detection of the DeckLinkInput video format changed. It flushes the queue and recreates it with the new format. Revamp of the C++ plugin. Indention, norm, and Blackmagic namespaces. Documentation and Index. Fixed FrameReceiver is now named DeckLinkInputDevice. FrameSender is now named DeckLinkOutputDevice. The new Video Manager window is fixed and is working for all Sample scenes. Removed The ability to add devices in the scene. You should now use the new Video Manager window. Remove old and unused assets in the sample projects. [0.0.1-preview.1] - 2020-10-11 This is the first release of Blackmagic Video . Added Blackmagic video receiver. Blackmagic video sender. Sample scenes. Indention, norm, and Blackmagic namespaces. Documentation and Index."
  },
  "index.html": {
    "href": "index.html",
    "title": "Home Page. | Blackmagic Video | 2.0.1",
    "keywords": "Home Page. This is the home page for this package."
  },
  "license/index.html": {
    "href": "license/index.html",
    "title": "| Blackmagic Video | 2.0.1",
    "keywords": "window.location.replace('Third%20Party%20Notices.html')"
  },
  "license/LICENSE.html": {
    "href": "license/LICENSE.html",
    "title": "| Blackmagic Video | 2.0.1",
    "keywords": "com.unity.media.blackmagic copyright © 2023 Unity Technologies Licensed under the Unity Companion License (the “UCL”) with the following modification; you may not use this package except in compliance with the UCL and the following modification to it: Section 1. Unity Companion Use. is deleted and replaced with: Unity Companion Use. Exercise of the license granted herein is permitted as long as it is in connection with the authoring and/or distribution of applications, software, or other content under a valid Unity Film content authoring and rendering engine software license (“Film Engine License”). In addition, you may not distribute or make the source code of the Work available to any third party unless such third party also possesses a Film Engine License. No other exercise of the license granted herein is permitted, and in no event may the Work be used for competitive analysis or to develop a competing product or service. You may obtain a copy of the UCL at https://unity.com/legal/licenses/unity-companion-license Unless expressly provided otherwise, the software under this license is made available strictly on an “AS IS” BASIS WITHOUT WARRANTY OF ANY KIND, EXPRESS OR IMPLIED. Please review the license for details on these and other terms and conditions."
  },
  "license/Third Party Notices.html": {
    "href": "license/Third Party Notices.html",
    "title": "This package contains third-party software components governed by the license(s) indicated below: | Blackmagic Video | 2.0.1",
    "keywords": "This package contains third-party software components governed by the license(s) indicated below: Component Name: Blackmagic Desktop Video SDK License Type: Commercial Copyright (c) 2019 Blackmagic Design Permission is hereby granted, free of charge, to any person or organization obtaining a copy of the software and accompanying documentation covered by this license (the \"Software\") to use, reproduce, display, distribute, execute, and transmit the Software, and to prepare derivative works of the Software, and to permit third-parties to whom the Software is furnished to do so, all subject to the following: The copyright notices in the Software and this entire statement, including the above license grant, this restriction and the following disclaimer, must be included in all copies of the Software, in whole or in part, and all derivative works of the Software, unless such copies or derivative works are solely in the form of machine-executable object code generated by a source language processor. BLACKMAGIC is a trade mark or registered trade mark of Blackmagic Design Pty Ltd in the Unites States and elsewhere in the world. https://www.blackmagicdesign.com/developer/product/capture-and-playback Component Name: NVIDIA GPUDirect for Video SDK License Type: Commercial Copyright (c) 2022 NVIDIA Corporation This software contains source code provided by NVIDIA Corporation. https://developer.nvidia.com/gpudirectforvideo"
  },
  "manual/adding-samples.html": {
    "href": "manual/adding-samples.html",
    "title": "Adding samples | Blackmagic Video | 2.0.1",
    "keywords": "Adding samples To add a sample to your project: Navigate to Window > Package Manager . Locate Blackmagic Video in the list of available packages, and select it. Under the package description, there is a list of available samples. Click the Import button next to the sample you wish to add. Note : When using multiple samples per project, there can be a conflict if you are importing the same script. To resolve this, you can: Remove one of the two scripts. Remove the previous sample. Unity places imported samples in your Project's Asset folder under Assets > Samples > Blackmagic Video > [version number] > [sample name] ."
  },
  "manual/available-samples.html": {
    "href": "manual/available-samples.html",
    "title": "Available samples | Blackmagic Video | 2.0.1",
    "keywords": "Available samples The following four types of samples are currently available for Blackmagic Video. Simple and advanced samples These samples can be used with any graphic pipeline ( HDRP , URP , and Legacy ). Sample: Description: Simple Input Output Plane Configuration A simple way to Blit an incoming video feed (input device) to a Plane in the scene and output the result (output device). Simple External Keying Configuration A basic configuration of an output device in the Blackmagic Window that shows how to use the External Keying feature. Simple Output Configuration A basic configuration of an output device in the Blackmagic Window that shows how to output a Camera RenderTexture. Simple Output Audio Configuration Outputs Unity's scene audio by using a Blackmagic output device. Simple Output Color Bars A simple way to output color bars. Advanced Output Audio Configuration Outputs Unity's scene audio by using a custom buffer and a Blackmagic output device. Advanced Output Canvas Configuration Outputs a Unity scene with a Canvas on top. Note : Occasionally, the Shader used on an object is not detected correctly and can result in a Pink rendering. This happens when it was created on a specific Render Pipeline and is used on a different one. You can still use the sample by changing the Shader with another available one. HDRP samples These samples can only be used with the HDRP pipeline. Sample: Description: HDRP Input Fullscreen HDRP way to blit an input video signal to the GameView by using a Blackmagic input device. HDRP Advanced Compositing (Graphics Compositor) An advanced HDRP compositing example. Compositing is done by the Graphics Compositor , using the video input signal and the scene. HDRP Simple Compositing A simple HDRP compositing example. The Compositing is done by a custom pass, using the video input signal and the scene. Legacy samples These samples can only be used with the Legacy pipeline. Sample: Description: Legacy Input Fullscreen Legacy way to blit an input video signal to the GameView by using a Blackmagic input device. Legacy Simple Compositing A simple Legacy compositing example. The compositing is done by a Monobehaviour and OnRenderImage override, using the video input signal and the scene. URP samples These samples can only be used with the URP pipeline. Sample: Description: URP Input Fullscreen URP way to blit an input video signal to the GameView by using a Blackmagic input device. URP Simple Compositing A simple URP compositing example. The compositing is done by the Renderer Feature, using the video input signal and the scene."
  },
  "manual/Decklink-8K-Pro-Connection-Mapping.html": {
    "href": "manual/Decklink-8K-Pro-Connection-Mapping.html",
    "title": "Blackmagic DeckLink 8K Pro connection mapping | Blackmagic Video | 2.0.1",
    "keywords": "Blackmagic DeckLink 8K Pro connection mapping Blackmagic Video automatically detects the Blackmagic DeckLink card that you are using. The connector mapping profiles that are available from the drop-down depend on the model of the card. For example, the following four connector mapping profiles are available for the Blackmagic DeckLink 8K Pro card. Device : Logical device used on the card. The number of logical devices depends on the model of the card. Half duplex mode: Physical connectors can be an input or an output. Full duplex mode: One connector is used for input, the second acts as a loop output of the input. The following describes these four connector mapping profiles, an example of how they can be configured, along with what is supported. 1. Four Sub Devices Half Duplex: Four available devices. Port Usage 8K Support Keying Support Loop Through Input or Output No No No 2. One Sub Device Full Duplex: One available device. Port Usage 8K Support Keying Support Loop Through SDI 1 & 2 In SDI 3 & 4 Out No Yes When using connector 1, the signal will be looped through connector 3. When using connector 2, the signal will be looped through connector 4. 3. One Sub Device Half-Duplex: One available device. Port Usage 8K Support Keying Support Loop Through SDI 1 to 4 In or Out Yes Yes (internal) No 4. Two Sub Device Full Duplex: Two available devices. Each device is in AND out. Port Usage 8K Support Keying Support Loop Through SDI 1 In SDI 2 Out No Yes No"
  },
  "manual/enabling-blackmagic-video.html": {
    "href": "manual/enabling-blackmagic-video.html",
    "title": "Enabling the Blackmagic Video Manager | Blackmagic Video | 2.0.1",
    "keywords": "Enabling the Blackmagic Video Manager To start using Blackmagic Video in your Unity project, open the following new window at the top: Window > Virtual Production > Blackmagic Video Manager . By default, the manager is disabled for the active scene, but if you check the Enable Video Manager checkbox, you should see the following in the window: You should see your Decklink card appear in the Hardware version field. The current API Version can vary from one project to another, as it represents the current driver version installed on your computer and the current SDK compiled from our package."
  },
  "manual/features.html": {
    "href": "manual/features.html",
    "title": "Features | Blackmagic Video | 2.0.1",
    "keywords": "Features The Blackmagic Video package supports the following features: Automatic detection of the available DeckLink cards and driver versions. Ability to modify connector mappings directly from the Unity interface. Interlaced and progressive standard HD, Full HD, and UHD (4K) video. Multiple simultaneous inputs and outputs. HDR and Audio input and output. Compatibility with standard color spaces: BT601, BT709, and BT2020 (HDR, HLG, and PQ). Compatibility with GPUDirect technology. Works with all of Unity’s render pipelines (Legacy, URP, and HDRP). Works in the Editor, Play mode, and in Standalone builds. Internal and external fill-and-key. Pass-through and Low latency mode. Single/Dual/Quad Link for output devices. Timecode integration for input and output devices. Public API in C#."
  },
  "manual/Getting-started.html": {
    "href": "manual/Getting-started.html",
    "title": "Getting started | Blackmagic Video | 2.0.1",
    "keywords": "Getting started In this section, you can find information to help you accomplish the following tasks: Enable the Blackmagic Video Manager Manage the connector mapping profile for your card Add and configure an input device Add and configure an output device Map a new device to an SDI port Use Blackmagic Video in different modes Use Blackmagic Video with the HDRP compositor Use Package Manager samples"
  },
  "manual/index.html": {
    "href": "manual/index.html",
    "title": "About Blackmagic Video | Blackmagic Video | 2.0.1",
    "keywords": "About Blackmagic Video Note To use the Blackmagic Video package, you must install it separately. For detailed information about package requirements and installation instructions, refer to Installation . The Blackmagic Video package helps you leverage video capture cards from Blackmagic Design to input and output pro-grade video and audio in the Unity Editor and runtime builds, unlocking new workflows for users working in film, virtual production, live events, and broadcast. The package allows you to: Capture and output SDI video from and to the Unity Editor from a Blackmagic capture card. Render composited video feeds in the Editor and output via SDI. In this documentation Section Description Installation Install the Blackmagic Video package and learn about the package requirements. Features Learn about the features and capabilities of the Blackmagic Video package. Getting started Enable the Blackmagic Video Manager, map your hardware connections, add and configure input/output video devices, enable video compositing in HDRP, and more. Samples Install samples (provided along with the package) to explore more advanced Blackmagic Video configuration examples."
  },
  "manual/Input-Device.html": {
    "href": "manual/Input-Device.html",
    "title": "Adding and configuring an input device | Blackmagic Video | 2.0.1",
    "keywords": "Adding and configuring an input device To receive and display SDI video, you can use an Input Device , added through the Blackmagic Video Manager window. You can add input devices by pressing the + symbol, in the Input Devices list. After selecting this new device, you can visualize its configuration in the Properties section, below the list. You can access the following Properties : Property: Function: Video Mode The video mode of the input device. For example HD1080p. Timecode Displays the current timecode of the primary clock for the input device. Timecode synchronizes live data sources so that recordings and real-time frame outputs are temporarily coherent. Preview Texture Preview the incoming texture that contains the input video, received by the SDI port and device in use. Update in Editor Enable to keep the video mode synched and updated in the Editor. Video Format The video format received by the current SDI port and device in use. Signal Configures the frame rate, resolution, and scanning mode in 2 different ways. 1. Same as Device : Uses the same pixel format, color space, and transfer function as the input device. 2. Override Signal : Forces Unity to interpret the signal using a different pixel format, color space or transfer function. Pixel Format The pixel format used by the current input device. For example: YUV 10 bits. Color Space The color space used by the current input device. For example: Rec. 709. Transfer Function (If applicable): For example, HLG in Rec. 2020. Convert Color Space Used to convert from Unity color space. The conversion for Rec. 2020 applies Bt. 2047 and Bt. 2087 to convert to and from the Unity working color space. Queue Length Maximum number of received frames in the queue. A bigger value can be useful to avoid potential dropped frames (unused input frames are removed from frame to frame). Filter Mode The filtering used for the allocated RenderTexture. The different options have different performance costs and image quality. Enable Pass through Enable to follow the connector mapping loop through. For example, if you have OneSubDeviceFullDuplex when using connector 1, the signal will be looped through connector 3. When using connector 2, the signal will be looped through connector 4. The pass through is available depending on the connector mapping you have selected."
  },
  "manual/Licensing-and-installation.html": {
    "href": "manual/Licensing-and-installation.html",
    "title": "Installation | Blackmagic Video | 2.0.1",
    "keywords": "Installation To install this package, follow the instructions in the Package Manager documentation . Requirements Unity / system Item Description Unity Editor 2022.2 or later (recommended). Render pipeline Legacy , URP , or HDRP . OS Windows 10 or macOS . Video Item Description Video card A Blackmagic video capture card. Three cards have been tested: the DeckLink 8K Pro , the DeckLink Duo 2 , and the DeckLink 4K Extreme 12G . Camera A camera capable of outputting a video signal to the capture card via SDI . Video software Blackmagic Desktop Video software versions 12.0.0 and above. When opening the Blackmagic Desktop Video software, your DeckLink card must appear in the list of the products found. If not, your DeckLink card is probably not correctly installed on your computer's PCI port. Optional hardware An SDI monitor to output a final composited frame. A Sync Generator to use the Genlock feature of the Blackmagic video capture card. Multiple Blackmagic video capture cards at the same time. Known limitations You can use the Graphics Compositor tool to do compositing between the Blackmagic Input Video and the Unity scene. This tool is: Not mandatory. Only available on Unity 2020.1 or later and HDRP 9+ . Recommended to be used with HDRP 11+ . Using a multi-card setup requires you to rename your Logical Devices in the Label field using the Blackmagic Desktop Video Setup. The Device Label field is used to select a different Connector mapping per card."
  },
  "manual/managing-connector-mapping-profiles.html": {
    "href": "manual/managing-connector-mapping-profiles.html",
    "title": "Managing the connector mapping profile | Blackmagic Video | 2.0.1",
    "keywords": "Managing the connector mapping profile Blackmagic Video offers the ability to directly control the Connector mapping of your card, without using the Desktop Video Setup software. You can refer to the Blackmagic website for more information on your hardware. Different Blackmagic DeckLink products support a different range of connector mappings, indicated on the product webpage. Five Connector Mapping profiles are supported: Connector Mapping Profile: Function: Four Sub Devices Half Duplex Supports 4 independent sub-devices that can be either input or output. One Sub Device Full Duplex Supports 1 sub-device for the input and 1 sub-device for the output. One Sub Device Half Duplex Supports 1 sub-device that can be either input or output. Two Sub Devices Full Duplex Supports 2 sub-devices for the input and 2 sub-devices for the output. Two Sub Devices Half Duplex Supports 2 sub-devices that can be either input or output. You can refer to the Blackmagic DeckLink 8K Pro connection mapping documentation to understand what these profiles are and how they can be used as an example."
  },
  "manual/mapping-new-device.html": {
    "href": "manual/mapping-new-device.html",
    "title": "Mapping a new device to an SDI port | Blackmagic Video | 2.0.1",
    "keywords": "Mapping a new device to an SDI port You can map a new device to an SDI port by selecting one of the SDI ports detected in the dropdown, next to the device. The number of available SDI ports depends on your Blackmagic Decklink card and the Connector Mapping selected. All Blackmagic actions take place in this window, you don't need to add anything to your scene to make your devices work. You can find concrete implementations demonstrated in the samples section."
  },
  "manual/Output-Device.html": {
    "href": "manual/Output-Device.html",
    "title": "Adding and configuring an output device | Blackmagic Video | 2.0.1",
    "keywords": "Adding and configuring an output device To output frames through an SDI port (for example, an SDI Monitor), you can use an Output Device , added through the Blackmagic Video Manager window. You can add output devices by pressing the + symbol, in the Output Devices list. After selecting this new device, you can visualize its configuration in the Properties section, below the list. You can access the following Properties : Property: Function: Video Mode The video mode of the output device. For example HD1080p. Timecode Displays the current timecode of the primary clock for the input device. Timecode synchronizes live data sources so that recordings and real-time frame outputs are temporarily coherent. Preview Texture Preview the outgoing texture. Update in Editor Enable to keep the video mode synched and updated in the Editor. Media Mode Configures the resolution, frame rate, and scanning mode in 2 different ways. 1. Custom : Manually configures the video configuration. 2. Same as Input : Automatically matches the video configuration of a preselected input device. It uses the same resolution, frame rate, and scanning mode as the input device. Requested Format You can request an alternative pixel format capture path if available. This operation is executed asynchronously. For example: YUV 10 bits. Pixel Format The effective Pixel Format (in case the requested one is not compatible with your configuration). Color Space The color space of the output device. The possible values for Blackmagic supported color spaces are BT601 , BT709 , and BT2020 (HDR, HLG, and PQ). Convert Color Space Used to convert from Unity color space. The conversion for Rec. 2020 applies Bt. 2047 and Bt. 2087 to convert to and from the Unity working color space. Use GPUDirect Enable to use GPUDirect on compatible NVIDIA GPUs. Timecode Mode You can choose from the following options: 1. Auto : The timecode is calculated from the frame number. 2. Same as Input : The timecode is given by the input video associated with this output device. Sync Mode If the Frame Sender instance is the main one then, v-sync is disabled. The current frame rate is used for capture and the main instance waits for sender completion every end-of-frame. Queue Length Maximum number of received frames in the queue. A bigger value can be useful to avoid potential dropped frames (unused input frames are removed from frame to frame). Filter Mode The filtering used for the allocated RenderTexture. The different options have different performance costs and image quality. Pre Roll Length Configures the maximum number of pre-rolled frames. Low Latency Enable to wait for the completion of every frame in the queue. Using this mode will result in a large performance hit and should be used sparingly. Reference Status Indicates the genlock status display. Audio Output Mode Selects where the audio samples will be taken from in the scene. Audio Listener Audio listener that is used for supplying the audio content. Same as Input The audio will come from the Input device (for example a camera or video)."
  },
  "manual/Retrieving-Device-Data.html": {
    "href": "manual/Retrieving-Device-Data.html",
    "title": "Retrieving device data | Blackmagic Video | 2.0.1",
    "keywords": "Retrieving device data For samples , it’s possible to retrieve any Input or Output device data in a custom Monobehaviour or Custom Pass . The Blackmagic video package introduces two new attributes named InputVideoDeviceHandle and OutputVideoDeviceHandle , offering access to a specific device in the Blackmagic Video Manager . To write a custom script to retrieve device data, simply follow these instructions: Create your MonoBehaviour script or your CustomPass . Instantiate a class property: an InputVideoDeviceHandle to get an input device, or an OutputVideoDeviceHandle to get an output device. In the inspector a new dropdown will be displayed on your Custom Pass or Monobehaviour , allowing you to select the device you want to use. On each frame update, you must check the validity of the device by calling the IsActive method. If the device selected is valid, you can retrieve its data by calling the getters you are interested in. Example:"
  },
  "manual/samples.html": {
    "href": "manual/samples.html",
    "title": "Samples | Blackmagic Video | 2.0.1",
    "keywords": "Samples The Blackmagic Video package comes with a set of samples to help you get started. A sample is a set of assets that you can import into your project and use as a base to build upon or learn how to use a feature."
  },
  "manual/TableOfContents.html": {
    "href": "manual/TableOfContents.html",
    "title": "| Blackmagic Video | 2.0.1",
    "keywords": "About Blackmagic Video Installation Features Getting started Enabling the Blackmagic Video Manager Managing connector mapping profiles Blackmagic DeckLink 8K Pro connection mapping example Adding and configuring an input device Adding and configuring an output device Mapping a new device to an SDI port Using Blackmagic Video in different modes Using Blackmagic Video with the HDRP Compositor Samples Adding samples Available samples Retrieving device data"
  },
  "manual/using-blackmagic-modes.html": {
    "href": "manual/using-blackmagic-modes.html",
    "title": "Using Blackmagic Video in different modes | Blackmagic Video | 2.0.1",
    "keywords": "Using Blackmagic Video in different modes Blackmagic Video can be used in both Editor mode and Play mode: For Editor mode, press the Update in Editor checkbox on each device in your Blackmagic Video Manager window. For Play mode, simply press Unity's Play button."
  },
  "manual/Using-Blackmagic-Video-with-the-HDRP-Compositor.html": {
    "href": "manual/Using-Blackmagic-Video-with-the-HDRP-Compositor.html",
    "title": "Using Blackmagic Video with the HDRP Compositor | Blackmagic Video | 2.0.1",
    "keywords": "Using Blackmagic Video with the HDRP Compositor Setting up the scene The following setup is an example of how you can use the Graphics Compositor to create a simple Compositing. In the project's HDRP settings, change the Color Buffer Format to R16G16B16A16 in the Rendering and Post-Processing section. Create a new Compositor Graph by going to Window / Render Pipeline / Compositor Graph . Create three new cameras: a. A scene camera to render all objects in the scene. b. A video renderer camera for the input stream. It is projected on a Plane or directly Blitted in Fullscreen. c. A final render camera that captures the final composited result of the other two cameras. Create a new layer (name it for example, \"Video Compositing\") and assign all game objects that will be rendered in front of the video. The Layer VideoCompositing is set on multiple objects/volumes in order to achieve a correct Compositing in the Graphics Compositor tool. It helps to specify what the actual camera instance should render or not. You can find an example with the Custom Post Process GrayScale (on the SceneVisual/GrayScale Volume object), where the Video Camera uses it. The Gray Scale is only applied to the input video and not on the Cube. The VideoCompositing layer is used to identify objects or volumes to be rendered by the video camera, that is, the camera responsible for rendering the incoming video feed."
  }
}