{
  "api/index.html": {
    "href": "api/index.html",
    "title": "| Keyer | 1.0.0",
    "keywords": "This is the documentation for the Scripting APIs of this package."
  },
  "api/Unity.Media.Keyer.BackgroundChannel.html": {
    "href": "api/Unity.Media.Keyer.BackgroundChannel.html",
    "title": "Enum BackgroundChannel | Keyer | 1.0.0",
    "keywords": "Enum BackgroundChannel The solid background color for keying. Namespace : Unity.Media.Keyer Assembly : solution.dll Syntax public enum BackgroundChannel Fields Name Description Green Green screen background. Blue Blue screen background."
  },
  "api/Unity.Media.Keyer.BlendMaxNode.html": {
    "href": "api/Unity.Media.Keyer.BlendMaxNode.html",
    "title": "Class BlendMaxNode | Keyer | 1.0.0",
    "keywords": "Class BlendMaxNode Class for the persistent data of the BlendMax Keyer Node. Inheritance Object BlendMaxNode Namespace : Unity.Media.Keyer Assembly : solution.dll Syntax [Serializable] public class BlendMaxNode Properties Enabled Enables the Blend Max node. Declaration public bool Enabled { get; set; } Property Value Type Description Boolean Strength Strength of the blending. Declaration public float Strength { get; set; } Property Value Type Description Single"
  },
  "api/Unity.Media.Keyer.Blur.html": {
    "href": "api/Unity.Media.Keyer.Blur.html",
    "title": "Class Blur | Keyer | 1.0.0",
    "keywords": "Class Blur Class for the persistent data of the Blur Node of the Keyer. Inheritance Object Blur Namespace : Unity.Media.Keyer Assembly : solution.dll Syntax [Serializable] public class Blur Properties Enabled Enables the Blur node. Declaration public bool Enabled { get; set; } Property Value Type Description Boolean Quality The level of Blur quality from low to high. Declaration public BlurQuality Quality { get; set; } Property Value Type Description BlurQuality Radius The Radius of the blur from 0 to 30. Declaration public float Radius { get; set; } Property Value Type Description Single"
  },
  "api/Unity.Media.Keyer.BlurQuality.html": {
    "href": "api/Unity.Media.Keyer.BlurQuality.html",
    "title": "Enum BlurQuality | Keyer | 1.0.0",
    "keywords": "Enum BlurQuality Sets the blur quality of the Blur Node. Namespace : Unity.Media.Keyer Assembly : solution.dll Syntax public enum BlurQuality : byte Fields Name Description Low Low quality blur. Medium Medium quality blur. High High quality blur."
  },
  "api/Unity.Media.Keyer.Clip.html": {
    "href": "api/Unity.Media.Keyer.Clip.html",
    "title": "Class Clip | Keyer | 1.0.0",
    "keywords": "Class Clip Class for the persistent data of the Clip Node of the Keyer. Inheritance Object Clip Namespace : Unity.Media.Keyer Assembly : solution.dll Syntax [Serializable] public class Clip Properties ClipBlack Clips the black pixels, scales the black values, and clips all values below to 0.0f. Declaration public float ClipBlack { get; set; } Property Value Type Description Single ClipWhite Clips the white pixels, scales the white values, and clips all values above to 1.0f. Declaration public float ClipWhite { get; set; } Property Value Type Description Single Enabled Enables the Clip Mask node. Declaration public bool Enabled { get; set; } Property Value Type Description Boolean"
  },
  "api/Unity.Media.Keyer.ColorDifference.html": {
    "href": "api/Unity.Media.Keyer.ColorDifference.html",
    "title": "Class ColorDifference | Keyer | 1.0.0",
    "keywords": "Class ColorDifference Class for the persistent data of the Color Difference Keyer Node. Inheritance Object ColorDifference Namespace : Unity.Media.Keyer Assembly : solution.dll Syntax [Serializable] public class ColorDifference Properties BackgroundColor The solid background color. Declaration public BackgroundChannel BackgroundColor { get; set; } Property Value Type Description BackgroundChannel ClipBlack Clips the black part of the mask. Declaration public float ClipBlack { get; set; } Property Value Type Description Single ClipWhite Clips the white part of the mask. Declaration public float ClipWhite { get; set; } Property Value Type Description Single Scale Scales the RGB components of the input color prior to evaluating the (G - max(R, B)) formula. Declaration public Vector3 Scale { get; set; } Property Value Type Description Vector3"
  },
  "api/Unity.Media.Keyer.ColorDistance.html": {
    "href": "api/Unity.Media.Keyer.ColorDistance.html",
    "title": "Class ColorDistance | Keyer | 1.0.0",
    "keywords": "Class ColorDistance Class for the persistent data of the Color Distance segmentation algorithm. Inheritance Object ColorDistance Namespace : Unity.Media.Keyer Assembly : solution.dll Syntax [Serializable] public class ColorDistance Properties ChromaKey The color of the key representing the background. Declaration public Color ChromaKey { get; set; } Property Value Type Description Color Threshold The threshold used to separate the background and the foreground. Declaration public Vector2 Threshold { get; set; } Property Value Type Description Vector2"
  },
  "api/Unity.Media.Keyer.Crop.html": {
    "href": "api/Unity.Media.Keyer.Crop.html",
    "title": "Class Crop | Keyer | 1.0.0",
    "keywords": "Class Crop Class for the persistent data of the Crop Node of the Keyer. Inheritance Object Crop Namespace : Unity.Media.Keyer Assembly : solution.dll Syntax [Serializable] public class Crop Properties Bottom Bottom of the cropping region. Declaration public float Bottom { get; set; } Property Value Type Description Single Enabled Enables the Crop node. Declaration public bool Enabled { get; set; } Property Value Type Description Boolean Left Left of the cropping region. Declaration public float Left { get; set; } Property Value Type Description Single Right Right of the cropping region. Declaration public float Right { get; set; } Property Value Type Description Single Top Top of the cropping region. Declaration public float Top { get; set; } Property Value Type Description Single"
  },
  "api/Unity.Media.Keyer.Despill.html": {
    "href": "api/Unity.Media.Keyer.Despill.html",
    "title": "Class Despill | Keyer | 1.0.0",
    "keywords": "Class Despill Class for the persistent data of the Despill Keyer Node. Inheritance Object Despill Namespace : Unity.Media.Keyer Assembly : solution.dll Syntax [Serializable] public class Despill Properties BackgroundColor The solid background color. Declaration public BackgroundChannel BackgroundColor { get; set; } Property Value Type Description BackgroundChannel DespillAmount The Despill amount ranging from 0 (no despill) to 1 (full despill). Declaration public float DespillAmount { get; set; } Property Value Type Description Single Enabled Enables the Despill node. Declaration public bool Enabled { get; set; } Property Value Type Description Boolean"
  },
  "api/Unity.Media.Keyer.Erode.html": {
    "href": "api/Unity.Media.Keyer.Erode.html",
    "title": "Class Erode | Keyer | 1.0.0",
    "keywords": "Class Erode Class for the persistent data of the Erode Node of the Keyer. Inheritance Object Erode Namespace : Unity.Media.Keyer Assembly : solution.dll Syntax [Serializable] public class Erode Properties Amount The amount of erosion from 0 to 29.5. Declaration public float Amount { get; set; } Property Value Type Description Single Enabled Enables the Erode node. Declaration public bool Enabled { get; set; } Property Value Type Description Boolean"
  },
  "api/Unity.Media.Keyer.GarbageMask.html": {
    "href": "api/Unity.Media.Keyer.GarbageMask.html",
    "title": "Class GarbageMask | Keyer | 1.0.0",
    "keywords": "Class GarbageMask Class for the Garbage Mask Keyer Node. Inheritance Object GarbageMask Namespace : Unity.Media.Keyer Assembly : solution.dll Syntax [Serializable] public class GarbageMask Properties Blend Blending distance in pixels used for dilatation. Declaration public float Blend { get; set; } Property Value Type Description Single Enabled Enable to use the Garbage Mask. Declaration public bool Enabled { get; set; } Property Value Type Description Boolean Invert Inverts the Garbage Mask. Declaration public bool Invert { get; set; } Property Value Type Description Boolean Mode Input type for the mask. Declaration public GarbageMaskMode Mode { get; set; } Property Value Type Description GarbageMaskMode SdfDistance Maximal distance in pixels covered by the Signed Distance Field. Declaration public int SdfDistance { get; set; } Property Value Type Description Int32 SdfEnabled If true, the Signed Distance Field is generated. Declaration public bool SdfEnabled { get; set; } Property Value Type Description Boolean SdfQuality Quality of Signed Distance Field rendering. Declaration public SdfQuality SdfQuality { get; set; } Property Value Type Description SdfQuality Texture Sets the input texture for the Garbage Mask. Declaration public Texture Texture { get; set; } Property Value Type Description Texture Threshold Threshold distance in pixels used for dilatation. Declaration public float Threshold { get; set; } Property Value Type Description Single"
  },
  "api/Unity.Media.Keyer.GarbageMaskMode.html": {
    "href": "api/Unity.Media.Keyer.GarbageMaskMode.html",
    "title": "Enum GarbageMaskMode | Keyer | 1.0.0",
    "keywords": "Enum GarbageMaskMode The input type of the mask. Namespace : Unity.Media.Keyer Assembly : solution.dll Syntax public enum GarbageMaskMode : byte Fields Name Description Texture The mask is a texture. Polygon The mask is a rasterized polygon."
  },
  "api/Unity.Media.Keyer.html": {
    "href": "api/Unity.Media.Keyer.html",
    "title": "Namespace Unity.Media.Keyer | Keyer | 1.0.0",
    "keywords": "Namespace Unity.Media.Keyer Classes BlendMaxNode Class for the persistent data of the BlendMax Keyer Node. Blur Class for the persistent data of the Blur Node of the Keyer. Clip Class for the persistent data of the Clip Node of the Keyer. ColorDifference Class for the persistent data of the Color Difference Keyer Node. ColorDistance Class for the persistent data of the Color Distance segmentation algorithm. Crop Class for the persistent data of the Crop Node of the Keyer. Despill Class for the persistent data of the Despill Keyer Node. Erode Class for the persistent data of the Erode Node of the Keyer. GarbageMask Class for the Garbage Mask Keyer Node. Keyer Keyer component class for the Multipass Keyer. KeyerSettings Class that holds the settings for the Keyer. Interfaces IKeyerAccess An interface allowing property drawers to access a Keyer linked to a Display property. Enums BackgroundChannel The solid background color for keying. BlurQuality Sets the blur quality of the Blur Node. GarbageMaskMode The input type of the mask. Keyer.Display Display mode for the Keyer. SdfQuality The quality level of the SDF rendering. SegmentationAlgorithm The available segmentation algorithms."
  },
  "api/Unity.Media.Keyer.IKeyerAccess.html": {
    "href": "api/Unity.Media.Keyer.IKeyerAccess.html",
    "title": "Interface IKeyerAccess | Keyer | 1.0.0",
    "keywords": "Interface IKeyerAccess An interface allowing property drawers to access a Keyer linked to a Display property. Namespace : Unity.Media.Keyer Assembly : solution.dll Syntax public interface IKeyerAccess Methods GetKeyer() Returns Keyer component. Declaration Keyer GetKeyer() Returns Type Description Keyer Keyer component. Events Changed Event occurs when keyer settings changed. Declaration event Action Changed Event Type Type Description Action"
  },
  "api/Unity.Media.Keyer.Keyer.Display.html": {
    "href": "api/Unity.Media.Keyer.Keyer.Display.html",
    "title": "Enum Keyer.Display | Keyer | 1.0.0",
    "keywords": "Enum Keyer.Display Display mode for the Keyer. Namespace : Unity.Media.Keyer Assembly : solution.dll Syntax public enum Display : byte Fields Name Description Result Display the resulting image with the Key applied to it. CoreMatte Display the Core Matte intermediate result. SoftMatte Display the Soft Matte intermediate result. ErodeMatte Display the Erode Matte intermediate result. BlendMax Display the Blend Max intermediate result. Front Display the Original input front image. GarbageMask Display the applied Garbage Mask. Despill Display Despill intermediate result. CropMatte Display the Crop Matte Mask."
  },
  "api/Unity.Media.Keyer.Keyer.html": {
    "href": "api/Unity.Media.Keyer.Keyer.html",
    "title": "Class Keyer | Keyer | 1.0.0",
    "keywords": "Class Keyer Keyer component class for the Multipass Keyer. Inheritance Object Object Component Behaviour MonoBehaviour Keyer Implements IKeyerAccess Inherited Members MonoBehaviour.IsInvoking() MonoBehaviour.CancelInvoke() MonoBehaviour.Invoke(String, Single) MonoBehaviour.InvokeRepeating(String, Single, Single) MonoBehaviour.CancelInvoke(String) MonoBehaviour.IsInvoking(String) MonoBehaviour.StartCoroutine(String) MonoBehaviour.StartCoroutine(String, Object) MonoBehaviour.StartCoroutine(IEnumerator) MonoBehaviour.StartCoroutine_Auto(IEnumerator) MonoBehaviour.StopCoroutine(IEnumerator) MonoBehaviour.StopCoroutine(Coroutine) MonoBehaviour.StopCoroutine(String) MonoBehaviour.StopAllCoroutines() MonoBehaviour.print(Object) MonoBehaviour.destroyCancellationToken MonoBehaviour.useGUILayout MonoBehaviour.runInEditMode Behaviour.enabled Behaviour.isActiveAndEnabled Component.GetComponent(Type) Component.GetComponent<T>() Component.TryGetComponent(Type, Component) Component.TryGetComponent<T>(T) Component.GetComponent(String) Component.GetComponentInChildren(Type, Boolean) Component.GetComponentInChildren(Type) Component.GetComponentInChildren<T>(Boolean) Component.GetComponentInChildren<T>() Component.GetComponentsInChildren(Type, Boolean) Component.GetComponentsInChildren(Type) Component.GetComponentsInChildren<T>(Boolean) Component.GetComponentsInChildren<T>(Boolean, List<T>) Component.GetComponentsInChildren<T>() Component.GetComponentsInChildren<T>(List<T>) Component.GetComponentInParent(Type, Boolean) Component.GetComponentInParent(Type) UnityEngine.Component.GetComponentInParent<T>(System.Boolean) Component.GetComponentInParent<T>() Component.GetComponentsInParent(Type, Boolean) Component.GetComponentsInParent(Type) Component.GetComponentsInParent<T>(Boolean) Component.GetComponentsInParent<T>(Boolean, List<T>) Component.GetComponentsInParent<T>() Component.GetComponents(Type) Component.GetComponents(Type, List<Component>) Component.GetComponents<T>(List<T>) Component.GetComponents<T>() Component.CompareTag(String) Component.SendMessageUpwards(String, Object, SendMessageOptions) Component.SendMessageUpwards(String, Object) Component.SendMessageUpwards(String) Component.SendMessageUpwards(String, SendMessageOptions) Component.SendMessage(String, Object) Component.SendMessage(String) Component.SendMessage(String, Object, SendMessageOptions) Component.SendMessage(String, SendMessageOptions) Component.BroadcastMessage(String, Object, SendMessageOptions) Component.BroadcastMessage(String, Object) Component.BroadcastMessage(String) Component.BroadcastMessage(String, SendMessageOptions) Component.transform Component.gameObject Component.tag Component.rigidbody Component.rigidbody2D Component.camera Component.light Component.animation Component.constantForce Component.renderer Component.audio Component.networkView Component.collider Component.collider2D Component.hingeJoint Component.particleSystem Object.GetInstanceID() Object.GetHashCode() Object.Equals(Object) Object.Instantiate(Object, Vector3, Quaternion) Object.Instantiate(Object, Vector3, Quaternion, Transform) Object.Instantiate(Object) Object.Instantiate(Object, Transform) Object.Instantiate(Object, Transform, Boolean) Object.Instantiate<T>(T) Object.Instantiate<T>(T, Vector3, Quaternion) Object.Instantiate<T>(T, Vector3, Quaternion, Transform) Object.Instantiate<T>(T, Transform) Object.Instantiate<T>(T, Transform, Boolean) Object.Destroy(Object, Single) Object.Destroy(Object) Object.DestroyImmediate(Object, Boolean) Object.DestroyImmediate(Object) Object.FindObjectsOfType(Type) Object.FindObjectsOfType(Type, Boolean) UnityEngine.Object.FindObjectsByType(System.Type, UnityEngine.FindObjectsSortMode) UnityEngine.Object.FindObjectsByType(System.Type, UnityEngine.FindObjectsInactive, UnityEngine.FindObjectsSortMode) Object.DontDestroyOnLoad(Object) Object.DestroyObject(Object, Single) Object.DestroyObject(Object) Object.FindSceneObjectsOfType(Type) Object.FindObjectsOfTypeIncludingAssets(Type) Object.FindObjectsOfType<T>() UnityEngine.Object.FindObjectsByType<T>(UnityEngine.FindObjectsSortMode) UnityEngine.Object.FindObjectsOfType<T>(System.Boolean) UnityEngine.Object.FindObjectsByType<T>(UnityEngine.FindObjectsInactive, UnityEngine.FindObjectsSortMode) Object.FindObjectOfType<T>() UnityEngine.Object.FindObjectOfType<T>(System.Boolean) UnityEngine.Object.FindFirstObjectByType<T>() UnityEngine.Object.FindAnyObjectByType<T>() UnityEngine.Object.FindFirstObjectByType<T>(UnityEngine.FindObjectsInactive) UnityEngine.Object.FindAnyObjectByType<T>(UnityEngine.FindObjectsInactive) Object.FindObjectsOfTypeAll(Type) Object.FindObjectOfType(Type) UnityEngine.Object.FindFirstObjectByType(System.Type) UnityEngine.Object.FindAnyObjectByType(System.Type) Object.FindObjectOfType(Type, Boolean) UnityEngine.Object.FindFirstObjectByType(System.Type, UnityEngine.FindObjectsInactive) UnityEngine.Object.FindAnyObjectByType(System.Type, UnityEngine.FindObjectsInactive) Object.ToString() Object.name Object.hideFlags Namespace : Unity.Media.Keyer Assembly : solution.dll Syntax [ExecuteAlways] [AddComponentMenu(\"Keyer/Keyer\")] [Serializable] public class Keyer : MonoBehaviour, IKeyerAccess Properties DisplayMode Display Mode selects which intermediate results of the Keyer to display. Declaration public Keyer.Display DisplayMode { get; set; } Property Value Type Description Keyer.Display Foreground The input foreground texture. Declaration public Texture Foreground { get; set; } Property Value Type Description Texture Result The Keyer's resulting render texture. Declaration public RenderTexture Result { get; set; } Property Value Type Description RenderTexture Settings Property for the Keyer Settings. Declaration public KeyerSettings Settings { get; set; } Property Value Type Description KeyerSettings Explicit Interface Implementations IKeyerAccess.Changed Declaration event Action IKeyerAccess.Changed Returns Type Description Action IKeyerAccess.GetKeyer() Returns Keyer component. Declaration Keyer IKeyerAccess.GetKeyer() Returns Type Description Keyer Keyer component. Implements IKeyerAccess"
  },
  "api/Unity.Media.Keyer.KeyerSettings.html": {
    "href": "api/Unity.Media.Keyer.KeyerSettings.html",
    "title": "Class KeyerSettings | Keyer | 1.0.0",
    "keywords": "Class KeyerSettings Class that holds the settings for the Keyer. Inheritance Object Object ScriptableObject KeyerSettings Inherited Members ScriptableObject.SetDirty() ScriptableObject.CreateInstance(String) ScriptableObject.CreateInstance(Type) ScriptableObject.CreateInstance<T>() Object.GetInstanceID() Object.GetHashCode() Object.Equals(Object) Object.Instantiate(Object, Vector3, Quaternion) Object.Instantiate(Object, Vector3, Quaternion, Transform) Object.Instantiate(Object) Object.Instantiate(Object, Transform) Object.Instantiate(Object, Transform, Boolean) Object.Instantiate<T>(T) Object.Instantiate<T>(T, Vector3, Quaternion) Object.Instantiate<T>(T, Vector3, Quaternion, Transform) Object.Instantiate<T>(T, Transform) Object.Instantiate<T>(T, Transform, Boolean) Object.Destroy(Object, Single) Object.Destroy(Object) Object.DestroyImmediate(Object, Boolean) Object.DestroyImmediate(Object) Object.FindObjectsOfType(Type) Object.FindObjectsOfType(Type, Boolean) UnityEngine.Object.FindObjectsByType(System.Type, UnityEngine.FindObjectsSortMode) UnityEngine.Object.FindObjectsByType(System.Type, UnityEngine.FindObjectsInactive, UnityEngine.FindObjectsSortMode) Object.DontDestroyOnLoad(Object) Object.DestroyObject(Object, Single) Object.DestroyObject(Object) Object.FindSceneObjectsOfType(Type) Object.FindObjectsOfTypeIncludingAssets(Type) Object.FindObjectsOfType<T>() UnityEngine.Object.FindObjectsByType<T>(UnityEngine.FindObjectsSortMode) UnityEngine.Object.FindObjectsOfType<T>(System.Boolean) UnityEngine.Object.FindObjectsByType<T>(UnityEngine.FindObjectsInactive, UnityEngine.FindObjectsSortMode) Object.FindObjectOfType<T>() UnityEngine.Object.FindObjectOfType<T>(System.Boolean) UnityEngine.Object.FindFirstObjectByType<T>() UnityEngine.Object.FindAnyObjectByType<T>() UnityEngine.Object.FindFirstObjectByType<T>(UnityEngine.FindObjectsInactive) UnityEngine.Object.FindAnyObjectByType<T>(UnityEngine.FindObjectsInactive) Object.FindObjectsOfTypeAll(Type) Object.FindObjectOfType(Type) UnityEngine.Object.FindFirstObjectByType(System.Type) UnityEngine.Object.FindAnyObjectByType(System.Type) Object.FindObjectOfType(Type, Boolean) UnityEngine.Object.FindFirstObjectByType(System.Type, UnityEngine.FindObjectsInactive) UnityEngine.Object.FindAnyObjectByType(System.Type, UnityEngine.FindObjectsInactive) Object.ToString() Object.name Object.hideFlags Namespace : Unity.Media.Keyer Assembly : solution.dll Syntax [Serializable] [CreateAssetMenu(fileName = \"KeyerSettings\", menuName = \"Virtual Production/KeyerSettings\")] public class KeyerSettings : ScriptableObject Properties BlendMask The Blend mask property. Declaration public BlendMaxNode BlendMask { get; } Property Value Type Description BlendMaxNode ColorDifferenceCoreMask The Color Difference Core mask property. Declaration public ColorDifference ColorDifferenceCoreMask { get; } Property Value Type Description ColorDifference ColorDifferenceSoftMask The Color Difference Soft mask property. Declaration public ColorDifference ColorDifferenceSoftMask { get; } Property Value Type Description ColorDifference ColorDistanceCoreMask The Color Distance Core mask property. Declaration public ColorDistance ColorDistanceCoreMask { get; } Property Value Type Description ColorDistance ColorDistanceSoftMask The Color Distance Soft mask property. Declaration public ColorDistance ColorDistanceSoftMask { get; } Property Value Type Description ColorDistance CropMask The Crop mask property. Declaration public Crop CropMask { get; } Property Value Type Description Crop Despill The Despill property used to remove the green spill from the original front image. Declaration public Despill Despill { get; } Property Value Type Description Despill ErodeMask The Erode mask property. Declaration public Erode ErodeMask { get; } Property Value Type Description Erode GarbageMask The Garbage mask property. Declaration public GarbageMask GarbageMask { get; } Property Value Type Description GarbageMask SegmentationAlgorithmCore The segmentation algorithm used for the core mask, either Color Difference or Color Distance. Declaration public SegmentationAlgorithm SegmentationAlgorithmCore { get; set; } Property Value Type Description SegmentationAlgorithm SegmentationAlgorithmSoft The segmentation algorithm used for the soft mask, either Color Difference or Color Distance. Declaration public SegmentationAlgorithm SegmentationAlgorithmSoft { get; set; } Property Value Type Description SegmentationAlgorithm SoftMaskEnabled Determines whether or not the soft mask is active. Declaration public bool SoftMaskEnabled { get; set; } Property Value Type Description Boolean Methods GetSerializedFieldsHashCode() Get a hash code for the current settings. Declaration public int GetSerializedFieldsHashCode() Returns Type Description Int32 Hash code for the current settings."
  },
  "api/Unity.Media.Keyer.SdfQuality.html": {
    "href": "api/Unity.Media.Keyer.SdfQuality.html",
    "title": "Enum SdfQuality | Keyer | 1.0.0",
    "keywords": "Enum SdfQuality The quality level of the SDF rendering. Namespace : Unity.Media.Keyer Assembly : solution.dll Syntax public enum SdfQuality : byte Fields Name Description Low Low quality, suited for low distances and performance critical scenarios. Mid Medium quality, good balance between performance and quality. High High quality, best suited for large distances."
  },
  "api/Unity.Media.Keyer.SegmentationAlgorithm.html": {
    "href": "api/Unity.Media.Keyer.SegmentationAlgorithm.html",
    "title": "Enum SegmentationAlgorithm | Keyer | 1.0.0",
    "keywords": "Enum SegmentationAlgorithm The available segmentation algorithms. Namespace : Unity.Media.Keyer Assembly : solution.dll Syntax public enum SegmentationAlgorithm : byte Fields Name Description ColorDifference Color Difference based on the classic (G - max(R, B)) formula. ColorDistance Color distance evaluated in a perceptually homogeneous color space."
  },
  "api/Unity.Media.Keyer.Tests.Editor.CreateKeyerTests.html": {
    "href": "api/Unity.Media.Keyer.Tests.Editor.CreateKeyerTests.html",
    "title": "Class CreateKeyerTests | Keyer | 1.0.0",
    "keywords": "Class CreateKeyerTests Inheritance Object CreateKeyerTests Namespace : Unity.Media.Keyer.Tests.Editor Assembly : solution.dll Syntax public class CreateKeyerTests Methods CreatesKeyerTest() Declaration public void CreatesKeyerTest() KeyerWithNullSettingsDoesNotThrow() Declaration public IEnumerator KeyerWithNullSettingsDoesNotThrow() Returns Type Description IEnumerator PublicApiTest() Declaration public void PublicApiTest() Setup() Declaration public void Setup() TearDown() Declaration public void TearDown()"
  },
  "api/Unity.Media.Keyer.Tests.Editor.EditorTestsUtilities.html": {
    "href": "api/Unity.Media.Keyer.Tests.Editor.EditorTestsUtilities.html",
    "title": "Class EditorTestsUtilities | Keyer | 1.0.0",
    "keywords": "Class EditorTestsUtilities Inheritance Object EditorTestsUtilities Namespace : Unity.Media.Keyer.Tests.Editor Assembly : solution.dll Syntax public class EditorTestsUtilities Methods CleanUpDirectoryContent(String) Declaration public static void CleanUpDirectoryContent(string directoryPath) Parameters Type Name Description String directoryPath"
  },
  "api/Unity.Media.Keyer.Tests.Editor.html": {
    "href": "api/Unity.Media.Keyer.Tests.Editor.html",
    "title": "Namespace Unity.Media.Keyer.Tests.Editor | Keyer | 1.0.0",
    "keywords": "Namespace Unity.Media.Keyer.Tests.Editor Classes CreateKeyerTests EditorTestsUtilities SettingsTests"
  },
  "api/Unity.Media.Keyer.Tests.Editor.SettingsTests.html": {
    "href": "api/Unity.Media.Keyer.Tests.Editor.SettingsTests.html",
    "title": "Class SettingsTests | Keyer | 1.0.0",
    "keywords": "Class SettingsTests Inheritance Object SettingsTests Namespace : Unity.Media.Keyer.Tests.Editor Assembly : solution.dll Syntax public class SettingsTests Methods HashCodeChangedGetSimilarValueAfterAssignment() Declaration public void HashCodeChangedGetSimilarValueAfterAssignment() HashCodeChangedOnAssignedProperties() Declaration public void HashCodeChangedOnAssignedProperties()"
  },
  "api/Unity.Media.Keyer.Tests.ExpectationMaximizationDemo.html": {
    "href": "api/Unity.Media.Keyer.Tests.ExpectationMaximizationDemo.html",
    "title": "Class ExpectationMaximizationDemo | Keyer | 1.0.0",
    "keywords": "Class ExpectationMaximizationDemo Inheritance Object Object Component Behaviour MonoBehaviour ExpectationMaximizationDemo Inherited Members MonoBehaviour.IsInvoking() MonoBehaviour.CancelInvoke() MonoBehaviour.Invoke(String, Single) MonoBehaviour.InvokeRepeating(String, Single, Single) MonoBehaviour.CancelInvoke(String) MonoBehaviour.IsInvoking(String) MonoBehaviour.StartCoroutine(String) MonoBehaviour.StartCoroutine(String, Object) MonoBehaviour.StartCoroutine(IEnumerator) MonoBehaviour.StartCoroutine_Auto(IEnumerator) MonoBehaviour.StopCoroutine(IEnumerator) MonoBehaviour.StopCoroutine(Coroutine) MonoBehaviour.StopCoroutine(String) MonoBehaviour.StopAllCoroutines() MonoBehaviour.print(Object) MonoBehaviour.destroyCancellationToken MonoBehaviour.useGUILayout MonoBehaviour.runInEditMode Behaviour.enabled Behaviour.isActiveAndEnabled Component.GetComponent(Type) Component.GetComponent<T>() Component.TryGetComponent(Type, Component) Component.TryGetComponent<T>(T) Component.GetComponent(String) Component.GetComponentInChildren(Type, Boolean) Component.GetComponentInChildren(Type) Component.GetComponentInChildren<T>(Boolean) Component.GetComponentInChildren<T>() Component.GetComponentsInChildren(Type, Boolean) Component.GetComponentsInChildren(Type) Component.GetComponentsInChildren<T>(Boolean) Component.GetComponentsInChildren<T>(Boolean, List<T>) Component.GetComponentsInChildren<T>() Component.GetComponentsInChildren<T>(List<T>) Component.GetComponentInParent(Type, Boolean) Component.GetComponentInParent(Type) UnityEngine.Component.GetComponentInParent<T>(System.Boolean) Component.GetComponentInParent<T>() Component.GetComponentsInParent(Type, Boolean) Component.GetComponentsInParent(Type) Component.GetComponentsInParent<T>(Boolean) Component.GetComponentsInParent<T>(Boolean, List<T>) Component.GetComponentsInParent<T>() Component.GetComponents(Type) Component.GetComponents(Type, List<Component>) Component.GetComponents<T>(List<T>) Component.GetComponents<T>() Component.CompareTag(String) Component.SendMessageUpwards(String, Object, SendMessageOptions) Component.SendMessageUpwards(String, Object) Component.SendMessageUpwards(String) Component.SendMessageUpwards(String, SendMessageOptions) Component.SendMessage(String, Object) Component.SendMessage(String) Component.SendMessage(String, Object, SendMessageOptions) Component.SendMessage(String, SendMessageOptions) Component.BroadcastMessage(String, Object, SendMessageOptions) Component.BroadcastMessage(String, Object) Component.BroadcastMessage(String) Component.BroadcastMessage(String, SendMessageOptions) Component.transform Component.gameObject Component.tag Component.rigidbody Component.rigidbody2D Component.camera Component.light Component.animation Component.constantForce Component.renderer Component.audio Component.networkView Component.collider Component.collider2D Component.hingeJoint Component.particleSystem Object.GetInstanceID() Object.GetHashCode() Object.Equals(Object) Object.Instantiate(Object, Vector3, Quaternion) Object.Instantiate(Object, Vector3, Quaternion, Transform) Object.Instantiate(Object) Object.Instantiate(Object, Transform) Object.Instantiate(Object, Transform, Boolean) Object.Instantiate<T>(T) Object.Instantiate<T>(T, Vector3, Quaternion) Object.Instantiate<T>(T, Vector3, Quaternion, Transform) Object.Instantiate<T>(T, Transform) Object.Instantiate<T>(T, Transform, Boolean) Object.Destroy(Object, Single) Object.Destroy(Object) Object.DestroyImmediate(Object, Boolean) Object.DestroyImmediate(Object) Object.FindObjectsOfType(Type) Object.FindObjectsOfType(Type, Boolean) UnityEngine.Object.FindObjectsByType(System.Type, UnityEngine.FindObjectsSortMode) UnityEngine.Object.FindObjectsByType(System.Type, UnityEngine.FindObjectsInactive, UnityEngine.FindObjectsSortMode) Object.DontDestroyOnLoad(Object) Object.DestroyObject(Object, Single) Object.DestroyObject(Object) Object.FindSceneObjectsOfType(Type) Object.FindObjectsOfTypeIncludingAssets(Type) Object.FindObjectsOfType<T>() UnityEngine.Object.FindObjectsByType<T>(UnityEngine.FindObjectsSortMode) UnityEngine.Object.FindObjectsOfType<T>(System.Boolean) UnityEngine.Object.FindObjectsByType<T>(UnityEngine.FindObjectsInactive, UnityEngine.FindObjectsSortMode) Object.FindObjectOfType<T>() UnityEngine.Object.FindObjectOfType<T>(System.Boolean) UnityEngine.Object.FindFirstObjectByType<T>() UnityEngine.Object.FindAnyObjectByType<T>() UnityEngine.Object.FindFirstObjectByType<T>(UnityEngine.FindObjectsInactive) UnityEngine.Object.FindAnyObjectByType<T>(UnityEngine.FindObjectsInactive) Object.FindObjectsOfTypeAll(Type) Object.FindObjectOfType(Type) UnityEngine.Object.FindFirstObjectByType(System.Type) UnityEngine.Object.FindAnyObjectByType(System.Type) Object.FindObjectOfType(Type, Boolean) UnityEngine.Object.FindFirstObjectByType(System.Type, UnityEngine.FindObjectsInactive) UnityEngine.Object.FindAnyObjectByType(System.Type, UnityEngine.FindObjectsInactive) Object.ToString() Object.name Object.hideFlags Namespace : Unity.Media.Keyer.Tests Assembly : solution.dll Syntax [ExecuteAlways] public class ExpectationMaximizationDemo : MonoBehaviour"
  },
  "api/Unity.Media.Keyer.Tests.GaussianDistribution.Cluster.html": {
    "href": "api/Unity.Media.Keyer.Tests.GaussianDistribution.Cluster.html",
    "title": "Struct GaussianDistribution.Cluster | Keyer | 1.0.0",
    "keywords": "Struct GaussianDistribution.Cluster Namespace : Unity.Media.Keyer.Tests Assembly : solution.dll Syntax [Serializable] public struct Cluster Fields Centroids Declaration [SerializeField] public float3[] Centroids Field Value Type Description float3 [] Covariances Declaration [SerializeField] public float3x3[] Covariances Field Value Type Description float3x3 [] Image Declaration [SerializeField] public Texture Image Field Value Type Description Texture"
  },
  "api/Unity.Media.Keyer.Tests.GaussianDistribution.html": {
    "href": "api/Unity.Media.Keyer.Tests.GaussianDistribution.html",
    "title": "Class GaussianDistribution | Keyer | 1.0.0",
    "keywords": "Class GaussianDistribution Inheritance Object Object ScriptableObject GaussianDistribution Inherited Members ScriptableObject.SetDirty() ScriptableObject.CreateInstance(String) ScriptableObject.CreateInstance(Type) ScriptableObject.CreateInstance<T>() Object.GetInstanceID() Object.GetHashCode() Object.Equals(Object) Object.Instantiate(Object, Vector3, Quaternion) Object.Instantiate(Object, Vector3, Quaternion, Transform) Object.Instantiate(Object) Object.Instantiate(Object, Transform) Object.Instantiate(Object, Transform, Boolean) Object.Instantiate<T>(T) Object.Instantiate<T>(T, Vector3, Quaternion) Object.Instantiate<T>(T, Vector3, Quaternion, Transform) Object.Instantiate<T>(T, Transform) Object.Instantiate<T>(T, Transform, Boolean) Object.Destroy(Object, Single) Object.Destroy(Object) Object.DestroyImmediate(Object, Boolean) Object.DestroyImmediate(Object) Object.FindObjectsOfType(Type) Object.FindObjectsOfType(Type, Boolean) UnityEngine.Object.FindObjectsByType(System.Type, UnityEngine.FindObjectsSortMode) UnityEngine.Object.FindObjectsByType(System.Type, UnityEngine.FindObjectsInactive, UnityEngine.FindObjectsSortMode) Object.DontDestroyOnLoad(Object) Object.DestroyObject(Object, Single) Object.DestroyObject(Object) Object.FindSceneObjectsOfType(Type) Object.FindObjectsOfTypeIncludingAssets(Type) Object.FindObjectsOfType<T>() UnityEngine.Object.FindObjectsByType<T>(UnityEngine.FindObjectsSortMode) UnityEngine.Object.FindObjectsOfType<T>(System.Boolean) UnityEngine.Object.FindObjectsByType<T>(UnityEngine.FindObjectsInactive, UnityEngine.FindObjectsSortMode) Object.FindObjectOfType<T>() UnityEngine.Object.FindObjectOfType<T>(System.Boolean) UnityEngine.Object.FindFirstObjectByType<T>() UnityEngine.Object.FindAnyObjectByType<T>() UnityEngine.Object.FindFirstObjectByType<T>(UnityEngine.FindObjectsInactive) UnityEngine.Object.FindAnyObjectByType<T>(UnityEngine.FindObjectsInactive) Object.FindObjectsOfTypeAll(Type) Object.FindObjectOfType(Type) UnityEngine.Object.FindFirstObjectByType(System.Type) UnityEngine.Object.FindAnyObjectByType(System.Type) Object.FindObjectOfType(Type, Boolean) UnityEngine.Object.FindFirstObjectByType(System.Type, UnityEngine.FindObjectsInactive) UnityEngine.Object.FindAnyObjectByType(System.Type, UnityEngine.FindObjectsInactive) Object.ToString() Object.name Object.hideFlags Namespace : Unity.Media.Keyer.Tests Assembly : solution.dll Syntax [CreateAssetMenu(fileName = \"GaussianDistribution\", menuName = \"GaussianDistribution\")] public class GaussianDistribution : ScriptableObject Properties Clusters Declaration public IReadOnlyList<GaussianDistribution.Cluster> Clusters { get; } Property Value Type Description IReadOnlyList < GaussianDistribution.Cluster > Methods Append(GaussianDistribution.Cluster) Declaration public void Append(GaussianDistribution.Cluster cluster) Parameters Type Name Description GaussianDistribution.Cluster cluster"
  },
  "api/Unity.Media.Keyer.Tests.html": {
    "href": "api/Unity.Media.Keyer.Tests.html",
    "title": "Namespace Unity.Media.Keyer.Tests | Keyer | 1.0.0",
    "keywords": "Namespace Unity.Media.Keyer.Tests Classes ExpectationMaximizationDemo GaussianDistribution Structs GaussianDistribution.Cluster"
  },
  "changelog/CHANGELOG.html": {
    "href": "changelog/CHANGELOG.html",
    "title": "Changelog | Keyer | 1.0.0",
    "keywords": "Changelog All notable changes to this package will be documented in this file. The format is based on Keep a Changelog and this project adheres to Semantic Versioning . [Unreleased] Added Blue screen support for Color Difference and Despill. A Keyer Plot Renderer added to the Keyer Preview Manager Window. Display an info label to identify which plot curve is under the mouse cursor. A new sample that shows how to use the Blackmagic input video as a source for Keying and displays the final result in the GameView. A new sample that shows how to use the Blackmagic input video as a source for Keying and composites the final result with the scene in the GameView. Fixed An issue with panning in the Preview Window with the left mouse button. Improvements to the aligment and layout the Preview Window UI. Changed Removed Pro License Requirement [1.0.0] - 2023-03-15 Added Garbage mask with polygon edition. Garbage mask dilation and blending. Tooltips in the Keyer inspector UI. Display options filtering based on settings. Editor analytics. Keyer instance list selection in the Manager window. Keyer instance scene selection in the Manager window. Message when no Keyer is selected in the Preview Window. Info message about usage of Alt/Option modifier in the Preview Window. A new sample targeting URP that shows how to use the Blackmagic input video as a source for Keying and Compositing. New samples for Keying using Video Clips. Fixed Blur UV sampling coordinates. An issue where an exception was thrown while changing the Keyer Settings. Removed an incorrect option switch from the core mask UI. A rendering issue of the despill when image height is greater than image width. Errors in the console when the Preview Window is not visible but active. Issues within the Keyer Editor of the Preview Window as settings or textures were edited. Preview fixes regarding transform management. Refactored commandBuffer execution. Polygon Editor aspect ratio handling. Signed Distance Field Shader warning on Metal. Polygon Editor point deletion on Mac keyboards. Soft Mask activation issue. Changed Updated the required minimum Unity Editor version to Unity 2022.2. Renamed the game objects created by the one-click option to create a default Keyer. Renamed the button to open the Preview Window. Changed the images used in the samples. [1.0.0-exp.7] - 2023-01-17 Added A new Keyer Preview Manager window. A new sample that shows how to use the Blackmagic input video as a source for Keying and Compositing. Fixed Fix missing references in keyer samples files. Fix unnecessary graph rebuilds. [1.0.0-exp.6] - 2022-10-26 Added A new one-click option to create a default Keyer. Added options to enable/disable optional parts of the Keyer. A new algorithm to provide an alternative and advanced way to key images. A public API for the Keyer. Added three samples of the Multipass Keyer for the Built-in, URP, and HDRP render pipelines. Added an erode core mask node. Added Color Distance segmentation algorithm. Added support to update the keyer render graph when keyer properties are modified through scripting. Changed Updated the required minimum Unity Editor version for the Keyer package to Unity 2022.1. Improved the UI for the Keyer inspector by using UI Toolkit. Simplified Color Difference parameters. Cleanup of the Blackmagic_HDRP_Compositing project. Fixed An issue with creating the Keyer in the built-in render pipeline. Refactored rendering for better performance and GPU memory usage. An issue when the Keyer settings are set to none. [1.0.0-exp.5] - 2022-07-08 Added The Keyer component persists data saved as Keyer Settings as assets in the project. [1.0.0-exp.4] - 2022-05-16 Added A blur node that allows for softening of the core mask. A clip mask node that allows for eroding of the core mask. This permits the edge to be controlled by using only the soft mask. A blendmax node to merge the core opaque mask with a soft mask for the edge. Two Color Difference nodes in the pipeline to allow two sets of parameters. A license check to ensure Unity Pro is installed on the current machine. [1.0.0-exp.3] - 2022-05-05 Added Creation of a pipeline of image processing nodes to improve the resulting key. [1.0.0-exp.1] - 2022-01-18 Added Initial package structure. This is the first release of Unity Package com.unity.media.keyer . This version includes a color difference Keyer integrated in the sample project SampleProjects/Blackmagic_HDRP_Compositing."
  },
  "index.html": {
    "href": "index.html",
    "title": "Home Page. | Keyer | 1.0.0",
    "keywords": "Home Page. This is the home page for this package."
  },
  "license/index.html": {
    "href": "license/index.html",
    "title": "| Keyer | 1.0.0",
    "keywords": "window.location.replace('LICENSE.html')"
  },
  "license/LICENSE.html": {
    "href": "license/LICENSE.html",
    "title": "| Keyer | 1.0.0",
    "keywords": "com.unity.media.keyer copyright © 2023 Unity Technologies Licensed under the Unity Companion License (the “UCL”) with the following modification; you may not use this package except in compliance with the UCL and the following modification to it: Section 1. Unity Companion Use. is deleted and replaced with: Unity Companion Use. Exercise of the license granted herein is permitted as long as it is in connection with the authoring and/or distribution of applications, software, or other content under a valid Unity Film content authoring and rendering engine software license (“Film Engine License”). In addition, you may not distribute or make the source code of the Work available to any third party unless such third party also possesses a Film Engine License. No other exercise of the license granted herein is permitted, and in no event may the Work be used for competitive analysis or to develop a competing product or service. You may obtain a copy of the UCL at https://unity.com/legal/licenses/unity-companion-license Unless expressly provided otherwise, the software under this license is made available strictly on an “AS IS” BASIS WITHOUT WARRANTY OF ANY KIND, EXPRESS OR IMPLIED. Please review the license for details on these and other terms and conditions."
  },
  "manual/available-samples.html": {
    "href": "manual/available-samples.html",
    "title": "Available samples | Keyer | 1.0.0",
    "keywords": "Available samples The following samples are available for the Keyer. Sample: Description: HDRP Keyer Multipass demo This is a simple HDRP scene with a multipass Keyer. HDRP Keyer Video demo This is a simple HDRP scene with a video clip using the Keyer. URP Keyer Multipass demo This is a simple URP scene with a multipass Keyer. URP Keyer Video demo This is a simple URP scene with a video clip using the Keyer. Built-in Keyer Multipass demo This is a simple Built-in scene with a multipass Keyer. Built-in Keyer Video demo This is a simple Built-in scene with a video clip using the Keyer. HDRP Blackmagic to Plane keying and compositing demo This is a simple HDRP scene with a Blackmagic input to a plane with a multipass Keyer. URP Blackmagic to Plane keying and compositing demo This is a simple URP scene with a Blackmagic input to a plane with a multipass Keyer."
  },
  "manual/creating-a-default-keyer.html": {
    "href": "manual/creating-a-default-keyer.html",
    "title": "Creating a default Keyer | Keyer | 1.0.0",
    "keywords": "Creating a default Keyer You can create a default Keyer in one step. To create a default Keyer: In the menu, select GameObject > Virtual Production > Create Default Keyer . This creates the default GameObject, QuadKeyer, assigns an input texture, Keyer settings, applied materials, and default set of parameters. The hierarchy of objects is as follows: Keyer Container : The parent object hosting the Keyer and the Keyer shadow. You can move this object rather than the children. Keyer : Quad containing the actual Keyer. You can change the Keyer component settings in this GameObject. Keyer Shadow : The shadow of the Keyer. The shadow is created by using a Quad located in the same location as the Quad on which the Keyer component is applied. This uses a mesh renderer that only casts shadows, with an opaque material with an alpha cutout. Optionally, change the input Foreground green screen texture to your own. Optionally, provide a Garbage Mask texture. Optionally, change the render texture . This resulting render texture can be used as the base texture for an unlit transparent material for integration into the scene. Adjust the default Keyer properties to achieve your desired effect."
  },
  "manual/creating-a-keyersettings-asset.html": {
    "href": "manual/creating-a-keyersettings-asset.html",
    "title": "Creating a KeyerSettings asset | Keyer | 1.0.0",
    "keywords": "Creating a KeyerSettings asset The Keyer allows you to save a set of pre-configured keyer parameters as an asset in the project. You can then reuse this asset. To create a KeyerSettings asset: In the menu, select Assets > Create > KeyerSettings . The new KeyerSettings asset will be added to the Assets directory and will be named KeyerSettings by default. Rename the new KeyerSettings asset as desired. For example, MyPreferredKeyerSettings . Drag and drop your new KeyerSettings asset into the KeyerSettings field in the inspector. Select and configure the parameters for the new asset. Your configured parameters are saved automatically. Your new KeyerSettings asset will be saved with the settings and parameters that you have configured and can be reused in the future. The KeyerSettings are auto-saved even during play mode."
  },
  "manual/creating-gmask.html": {
    "href": "manual/creating-gmask.html",
    "title": "Creating a Garbage Mask | Keyer | 1.0.0",
    "keywords": "Creating a Garbage Mask You can use a Garbage Mask to hide or mask out a specific area of an input image. You can use either a Texture or draw a Polygon shape to create a Garbage Mask. Texture Garbage Mask To use a saved texture to apply a Garbage Mask: Select the image that you want to apply the Garbage Mask to. Enable the Garbage Mask Checkbox. From the Mode drop-down, select Texture . Choose the saved Texture that you would like to use as a Garbage Mask. Optionally, select the Invert checkbox to reverse the masked and unmasked areas. Optionally, select Signed Distance Field and use the Quality, Distance, and Threshold parameters to dilate the mask. For more information, see Keyer properties . To add an opacity gradient to the edges of the Garbage Mask, adjust the Blend value. As you increase the value, the transition between protected and unprotected parts of the image becomes smoother. Polygon Garbage Mask You can draw a polygon and use it as a Garbage Mask in the 2D Garbage Mask Editor. To draw a polygon shaped Garbage Mask: Select the image that you want to apply the Garbage Mask to. Enable the Garbage Mask Checkbox. From the Mode drop-down, select Polygon . Select, Edit Polygon . The 2D Garbage Mask Editor opens. In the 2D Garbage Mask editor, click intermittently around the image to define the mask area. You can add points, delete points, and move them around. Select Save to save the polygon as a texture. Optionally, select the Invert checkbox to reverse the masked and unmasked areas. Optionally, select Signed Distance Field and use the Quality, Distance, and Threshold parameters to dilate the mask. For more information, see Keyer properties . To add an opacity gradient to the edges of the Garbage Mask, adjust the Blend value. As you increase the value, the transition between protected and unprotected parts of the image becomes smoother."
  },
  "manual/getting-started.html": {
    "href": "manual/getting-started.html",
    "title": "Getting started | Keyer | 1.0.0",
    "keywords": "Getting started In this section, you can find information to help you accomplish the following tasks: Create a default Keyer Create a Garbage Mask Use the Keyer Preview Window Manage Keyer properties Create a KeyerSettings asset Use Package Manager samples"
  },
  "manual/index.html": {
    "href": "manual/index.html",
    "title": "About Keyer | Keyer | 1.0.0",
    "keywords": "About Keyer Note To use the Keyer package, you must install it separately. For detailed information about package requirements and installation instructions, refer to Installation . The Keyer package allows you to create an opacity mask for actors or objects filmed against a green screen. Core concept The Unity Keyer separates a subject from its background information with segmentation algorithms. The Keyer identifies the green shades in the background and renders it as an alpha channel. Segmentation algorithms We offer 2 segmentation algorithms, the color difference , and the color distance . The color difference algorithm as its name suggests computes the difference between the green channel and the larger of the red or blue channel to generate the mask. The color distance segmentation algorithm computes the distance between a selected color from the background and the foreground image. Core and Soft Mask The Core Mask and Soft Mask enable you to apply multiple effects one after the other to achieve better results. The Core Mask is typically used for larger areas whereas the Soft Mask is used for smaller or fine details. The following diagram shows how the input foreground image can be processed by the two separate segmentation nodes, the Core Mask and the Soft Mask. You can modify each of the mask's parameters independently. This allows for the Core Mask parameters to be set to create an opaque core for the foreground. This opaque Core Mask can then be eroded and then blended with the Soft Mask where you can set the segmentation parameters to have nice semi-transparent edges. In this documentation Section Description Installation Install the Keyer package and learn about the package requirements. Features Learn about the features and capabilities of the Keyer package. Getting started Create a basic keyer and a garbage mask, use the Keyer Preview window, and learn about keyer properties and reusable keyer assets. Samples Install samples (provided along with the package) to explore more advanced Keyer configuration examples."
  },
  "manual/installation.html": {
    "href": "manual/installation.html",
    "title": "Installation | Keyer | 1.0.0",
    "keywords": "Installation To install the Keyer package, follow the instructions in the Package Manager documentation . Requirements Item Description Unity Editor Unity Editor 2022.2 version or later. Platform Windows or macOS. Samples There are samples available for the Keyer in the Package Manager for each render pipeline (HDRP, URP, and Built-in)."
  },
  "manual/keyer-features.html": {
    "href": "manual/keyer-features.html",
    "title": "Keyer features | Keyer | 1.0.0",
    "keywords": "Keyer features The Keyer package supports the following features: Ability to create a default Keyer in one step. Core Mask and Soft Mask options that enable you to apply multiple effects one after the other to achieve better results. Erode, crop, invert, and blend mask options. Ability to create a texture and polygon Garbage Mask. A Keyer Preview Manager window. Color Distance and Color Difference algorithms. Samples of the Keyer for the Built-in, URP, and HDRP render pipelines. Public API in C#."
  },
  "manual/keyer-property-reference.html": {
    "href": "manual/keyer-property-reference.html",
    "title": "Keyer properties | Keyer | 1.0.0",
    "keywords": "Keyer properties This section describes the Keyer Properties you can adjust according to your needs. You can access the following Properties : Property: Function: Foreground The input Foreground green screen texture. Result Texture The Keyer resulting render texture. Display Use to visualize the intermediate results of the pipeline: • Result: Displays the resulting image with the Key applied to it. • Core Matte: Result of the image with the Core Mask applied. • Soft Matte: Displays the result of the image with the Soft Mask applied. • Erode Matte: Displays the transparency from the edge of the Keyer inward. • Blend Max: Blends the Core Mask and the Soft Mask together. • Front: Displays the original input front image. • Garbage Mask: Displays the applied Garbage Mask. Settings Optionally drag and drop a Keyer profile from a saved asset to load its default settings. Core Mask Use this property for larger areas. You can choose between either the Color Distance or the Color Difference Keyer Algorithm. Adjust the rest of the parameters to suit your needs. Erode Erode allows you to gradually increase transparency from the edge of the Keyer inward. Soft Mask Use this property for smaller or fine details. Refines and improves detailed edges. You can choose between either the Color Distance or the Color Difference Keyer Algorithm. Adjust the rest of the parameters to suit your needs. Keyer Algorithm Switches the Keyer Segmentation algorithms between Color Distance (YUV) and the Color Difference Green Screen Keyer. Color Distance • Key Color : The color of the key representing the background. • Threshold Range : The range separating the foreground and the background. Color Difference • One scaling factor per color channel (Red, Green, and Blue). • Recommended range: 0-5. A value of 0.5 works for most cases. Clip White • Changes the white value in levels. • Recommended range: 1-0.7 Clip Black • Changes the black value in levels. • All values below this value become black. • Recommended range: 0-0.3 Blend Core Mask Blends the Core Mask. You can use the slider to increase or decrease the strength. Despill Amount Use this property to get rid of the green spill in the image: • 0 = no green spill removal. • 1 = full green spill removal. Cropping The crop option removes elements around the actor not needed in the final composition. You can crop the Mask by using the Top , Bottom , Right , and Left parameters. Garbage Mask The following parameters are available for Masking: • Enabled: Activate to use a Garbage Mask to mask out parts of your image from view. • Mask Texture: After a Garbage Mask is enabled, you can upload a Mask texture. • Polygon: After a Garbage Mask is enabled, you can draw a polygon shaped mask. • Invert: Select the Invert checkbox to reverse the masked and unmasked areas. • Signed Distance Field: Dilate the Garbage Mask using the Signed Distance Field algorithm. • Sdf Quality: Set the quality of the Signed Distance Field algorithm from lowest to highest. • Sdf Distance: Set the distance of the dilation using the Signed Distance Field. • Threshold: Set the minimum threshold where to apply the Signed Distance Field. • Blend: Blend the edge of the Signed Distance Field from opaque to transparent."
  },
  "manual/package-manager-samples.html": {
    "href": "manual/package-manager-samples.html",
    "title": "Adding samples | Keyer | 1.0.0",
    "keywords": "Adding samples The Keyer package has samples for each render pipeline (HDRP, URP, and Built-in). These samples are available directly from the Package Manager. To add a sample to your project: Navigate to Window > Package Manager . Locate Keyer in the list of available packages, and select it. Under the package description, there is a list of available samples. Select Import next to the sample you wish to add. Unity places imported samples in your Project's Asset folder under Assets > Samples > Keyer > [version number] > [sample name] ."
  },
  "manual/samples.html": {
    "href": "manual/samples.html",
    "title": "Samples | Keyer | 1.0.0",
    "keywords": "Samples The Keyer package comes with a set of samples to help you get started. A sample is a set of assets that you can import into your project and use as a base to build upon or learn how to use a feature."
  },
  "manual/TableOfContents.html": {
    "href": "manual/TableOfContents.html",
    "title": "| Keyer | 1.0.0",
    "keywords": "About Keyer Installation Features Getting started Creating a default Keyer Creating a Garbage Mask Using the Keyer Preview Window Managing Keyer properties Creating a KeyerSettings asset Samples Adding samples Available samples"
  },
  "manual/using-keyer-preview.html": {
    "href": "manual/using-keyer-preview.html",
    "title": "Using the Keyer Preview Window | Keyer | 1.0.0",
    "keywords": "Using the Keyer Preview Window The Keyer Preview Window allows you to use 3 keying preview windows and the inspector to easily refine and view the intermediate results of your Key. To access the Keyer Preview Window, select Preview for the desired object. Alternatively, you can also access the Keyer Preview Window by going to the menu and selecting Window > Virtual Production > Keyer Preview Window and then select the Keyer Component . By default, the pan and zoom is synchronized for all 3 windows. The pan is done using the left mouse button and the zoom by using the scroll wheel of the mouse. You can also use the ALT key to pan and zoom independently. You can make your selection in the dropdown of each window to switch between Keying preview modes. For example, choosing result in one of the 3 preview windows allows you to preview what is rendered in your final output. You can also change the Keyer preview by clicking on the Keyer Component in the top right."
  }
}